"callsite_rva","iat_mem_rva","dll","import_name"
"0x0000276D","0x004301E8","KERNEL32.dll","GetProcAddress"
"0x0000279A","0x004301E8","KERNEL32.dll","GetProcAddress"
"0x000027C7","0x004301E8","KERNEL32.dll","GetProcAddress"
"0x000027F4","0x004301E8","KERNEL32.dll","GetProcAddress"
"0x00002821","0x004301E8","KERNEL32.dll","GetProcAddress"
"0x0000284E","0x004301E8","KERNEL32.dll","GetProcAddress"
"0x0000287B","0x004301E8","KERNEL32.dll","GetProcAddress"
"0x000028A8","0x004301E8","KERNEL32.dll","GetProcAddress"
"0x000028D5","0x004301E8","KERNEL32.dll","GetProcAddress"
"0x00002902","0x004301E8","KERNEL32.dll","GetProcAddress"
"0x0000292F","0x004301E8","KERNEL32.dll","GetProcAddress"
"0x0000295C","0x004301E8","KERNEL32.dll","GetProcAddress"
"0x00002989","0x004301E8","KERNEL32.dll","GetProcAddress"
"0x000029B6","0x004301E8","KERNEL32.dll","GetProcAddress"
"0x000029E3","0x004301E8","KERNEL32.dll","GetProcAddress"
"0x00002A10","0x004301E8","KERNEL32.dll","GetProcAddress"
"0x00002A3D","0x004301E8","KERNEL32.dll","GetProcAddress"
"0x00002A6A","0x004301E8","KERNEL32.dll","GetProcAddress"
"0x00002A97","0x004301E8","KERNEL32.dll","GetProcAddress"
"0x00002AC4","0x004301E8","KERNEL32.dll","GetProcAddress"
"0x00002AF1","0x004301E8","KERNEL32.dll","GetProcAddress"
"0x00002B1E","0x004301E8","KERNEL32.dll","GetProcAddress"
"0x00002B4B","0x004301E8","KERNEL32.dll","GetProcAddress"
"0x00002B78","0x004301E8","KERNEL32.dll","GetProcAddress"
"0x00002BA5","0x004301E8","KERNEL32.dll","GetProcAddress"
"0x00002BD2","0x004301E8","KERNEL32.dll","GetProcAddress"
"0x00002BFF","0x004301E8","KERNEL32.dll","GetProcAddress"
"0x00002C2C","0x004301E8","KERNEL32.dll","GetProcAddress"
"0x00002C59","0x004301E8","KERNEL32.dll","GetProcAddress"
"0x00002C86","0x004301E8","KERNEL32.dll","GetProcAddress"
"0x00002CB3","0x004301E8","KERNEL32.dll","GetProcAddress"
"0x00002CE0","0x004301E8","KERNEL32.dll","GetProcAddress"
"0x00002D0D","0x004301E8","KERNEL32.dll","GetProcAddress"
"0x00002D3A","0x004301E8","KERNEL32.dll","GetProcAddress"
"0x00002D67","0x004301E8","KERNEL32.dll","GetProcAddress"
"0x00002D94","0x004301E8","KERNEL32.dll","GetProcAddress"
"0x00002DC1","0x004301E8","KERNEL32.dll","GetProcAddress"
"0x00002DEE","0x004301E8","KERNEL32.dll","GetProcAddress"
"0x00002E1B","0x004301E8","KERNEL32.dll","GetProcAddress"
"0x00002E48","0x004301E8","KERNEL32.dll","GetProcAddress"
"0x00002E75","0x004301E8","KERNEL32.dll","GetProcAddress"
"0x00002EA2","0x004301E8","KERNEL32.dll","GetProcAddress"
"0x00002ECF","0x004301E8","KERNEL32.dll","GetProcAddress"
"0x00002EFC","0x004301E8","KERNEL32.dll","GetProcAddress"
"0x00002F29","0x004301E8","KERNEL32.dll","GetProcAddress"
"0x00002F56","0x004301E8","KERNEL32.dll","GetProcAddress"
"0x00002F83","0x004301E8","KERNEL32.dll","GetProcAddress"
"0x00002FB0","0x004301E8","KERNEL32.dll","GetProcAddress"
"0x00002FDD","0x004301E8","KERNEL32.dll","GetProcAddress"
"0x0000300A","0x004301E8","KERNEL32.dll","GetProcAddress"
"0x00003037","0x004301E8","KERNEL32.dll","GetProcAddress"
"0x00003064","0x004301E8","KERNEL32.dll","GetProcAddress"
"0x00003091","0x004301E8","KERNEL32.dll","GetProcAddress"
"0x000030BE","0x004301E8","KERNEL32.dll","GetProcAddress"
"0x000030EB","0x004301E8","KERNEL32.dll","GetProcAddress"
"0x00003118","0x004301E8","KERNEL32.dll","GetProcAddress"
"0x00003145","0x004301E8","KERNEL32.dll","GetProcAddress"
"0x00003172","0x004301E8","KERNEL32.dll","GetProcAddress"
"0x0000319F","0x004301E8","KERNEL32.dll","GetProcAddress"
"0x000031CC","0x004301E8","KERNEL32.dll","GetProcAddress"
"0x000031F9","0x004301E8","KERNEL32.dll","GetProcAddress"
"0x00003226","0x004301E8","KERNEL32.dll","GetProcAddress"
"0x00003253","0x004301E8","KERNEL32.dll","GetProcAddress"
"0x00003280","0x004301E8","KERNEL32.dll","GetProcAddress"
"0x000032AD","0x004301E8","KERNEL32.dll","GetProcAddress"
"0x000032DA","0x004301E8","KERNEL32.dll","GetProcAddress"
"0x00003307","0x004301E8","KERNEL32.dll","GetProcAddress"
"0x00003334","0x004301E8","KERNEL32.dll","GetProcAddress"
"0x00003361","0x004301E8","KERNEL32.dll","GetProcAddress"
"0x0000338E","0x004301E8","KERNEL32.dll","GetProcAddress"
"0x000033BB","0x004301E8","KERNEL32.dll","GetProcAddress"
"0x000033E8","0x004301E8","KERNEL32.dll","GetProcAddress"
"0x00003415","0x004301E8","KERNEL32.dll","GetProcAddress"
"0x00003442","0x004301E8","KERNEL32.dll","GetProcAddress"
"0x0000346F","0x004301E8","KERNEL32.dll","GetProcAddress"
"0x0000349C","0x004301E8","KERNEL32.dll","GetProcAddress"
"0x000034C9","0x004301E8","KERNEL32.dll","GetProcAddress"
"0x000034F6","0x004301E8","KERNEL32.dll","GetProcAddress"
"0x00003523","0x004301E8","KERNEL32.dll","GetProcAddress"
"0x00003550","0x004301E8","KERNEL32.dll","GetProcAddress"
"0x0000357D","0x004301E8","KERNEL32.dll","GetProcAddress"
"0x000035AA","0x004301E8","KERNEL32.dll","GetProcAddress"
"0x000035D7","0x004301E8","KERNEL32.dll","GetProcAddress"
"0x00003604","0x004301E8","KERNEL32.dll","GetProcAddress"
"0x00003631","0x004301E8","KERNEL32.dll","GetProcAddress"
"0x0000365E","0x004301E8","KERNEL32.dll","GetProcAddress"
"0x0000368B","0x004301E8","KERNEL32.dll","GetProcAddress"
"0x000036B8","0x004301E8","KERNEL32.dll","GetProcAddress"
"0x000036E5","0x004301E8","KERNEL32.dll","GetProcAddress"
"0x00003712","0x004301E8","KERNEL32.dll","GetProcAddress"
"0x0000373F","0x004301E8","KERNEL32.dll","GetProcAddress"
"0x0000376C","0x004301E8","KERNEL32.dll","GetProcAddress"
"0x00003799","0x004301E8","KERNEL32.dll","GetProcAddress"
"0x000037C6","0x004301E8","KERNEL32.dll","GetProcAddress"
"0x000037F3","0x004301E8","KERNEL32.dll","GetProcAddress"
"0x00003820","0x004301E8","KERNEL32.dll","GetProcAddress"
"0x0000384D","0x004301E8","KERNEL32.dll","GetProcAddress"
"0x0000387A","0x004301E8","KERNEL32.dll","GetProcAddress"
"0x000038A7","0x004301E8","KERNEL32.dll","GetProcAddress"
"0x000038D4","0x004301E8","KERNEL32.dll","GetProcAddress"
"0x00003901","0x004301E8","KERNEL32.dll","GetProcAddress"
"0x0000392E","0x004301E8","KERNEL32.dll","GetProcAddress"
"0x0000395B","0x004301E8","KERNEL32.dll","GetProcAddress"
"0x00003988","0x004301E8","KERNEL32.dll","GetProcAddress"
"0x000039B5","0x004301E8","KERNEL32.dll","GetProcAddress"
"0x000039E2","0x004301E8","KERNEL32.dll","GetProcAddress"
"0x00003A0F","0x004301E8","KERNEL32.dll","GetProcAddress"
"0x00003A3C","0x004301E8","KERNEL32.dll","GetProcAddress"
"0x00003A69","0x004301E8","KERNEL32.dll","GetProcAddress"
"0x00003A96","0x004301E8","KERNEL32.dll","GetProcAddress"
"0x00003AC3","0x004301E8","KERNEL32.dll","GetProcAddress"
"0x00003AF0","0x004301E8","KERNEL32.dll","GetProcAddress"
"0x00003B1D","0x004301E8","KERNEL32.dll","GetProcAddress"
"0x00003B4A","0x004301E8","KERNEL32.dll","GetProcAddress"
"0x00003B77","0x004301E8","KERNEL32.dll","GetProcAddress"
"0x00003BA4","0x004301E8","KERNEL32.dll","GetProcAddress"
"0x00003BD1","0x004301E8","KERNEL32.dll","GetProcAddress"
"0x00003BFE","0x004301E8","KERNEL32.dll","GetProcAddress"
"0x00003C2B","0x004301E8","KERNEL32.dll","GetProcAddress"
"0x00003C58","0x004301E8","KERNEL32.dll","GetProcAddress"
"0x00003C85","0x004301E8","KERNEL32.dll","GetProcAddress"
"0x00003CB2","0x004301E8","KERNEL32.dll","GetProcAddress"
"0x00003CDF","0x004301E8","KERNEL32.dll","GetProcAddress"
"0x00003D0C","0x004301E8","KERNEL32.dll","GetProcAddress"
"0x00003D39","0x004301E8","KERNEL32.dll","GetProcAddress"
"0x00003D66","0x004301E8","KERNEL32.dll","GetProcAddress"
"0x00003D93","0x004301E8","KERNEL32.dll","GetProcAddress"
"0x00003DC0","0x004301E8","KERNEL32.dll","GetProcAddress"
"0x00003DED","0x004301E8","KERNEL32.dll","GetProcAddress"
"0x00003E1A","0x004301E8","KERNEL32.dll","GetProcAddress"
"0x00003E47","0x004301E8","KERNEL32.dll","GetProcAddress"
"0x00003E74","0x004301E8","KERNEL32.dll","GetProcAddress"
"0x00003EA1","0x004301E8","KERNEL32.dll","GetProcAddress"
"0x00003ECE","0x004301E8","KERNEL32.dll","GetProcAddress"
"0x00003EFB","0x004301E8","KERNEL32.dll","GetProcAddress"
"0x00003F28","0x004301E8","KERNEL32.dll","GetProcAddress"
"0x00003F55","0x004301E8","KERNEL32.dll","GetProcAddress"
"0x00003F82","0x004301E8","KERNEL32.dll","GetProcAddress"
"0x00003FAF","0x004301E8","KERNEL32.dll","GetProcAddress"
"0x00003FDC","0x004301E8","KERNEL32.dll","GetProcAddress"
"0x00004009","0x004301E8","KERNEL32.dll","GetProcAddress"
"0x00004036","0x004301E8","KERNEL32.dll","GetProcAddress"
"0x00004063","0x004301E8","KERNEL32.dll","GetProcAddress"
"0x00004090","0x004301E8","KERNEL32.dll","GetProcAddress"
"0x000040BD","0x004301E8","KERNEL32.dll","GetProcAddress"
"0x000040EA","0x004301E8","KERNEL32.dll","GetProcAddress"
"0x00004117","0x004301E8","KERNEL32.dll","GetProcAddress"
"0x00004144","0x004301E8","KERNEL32.dll","GetProcAddress"
"0x00004171","0x004301E8","KERNEL32.dll","GetProcAddress"
"0x0000419E","0x004301E8","KERNEL32.dll","GetProcAddress"
"0x000041CB","0x004301E8","KERNEL32.dll","GetProcAddress"
"0x000041F8","0x004301E8","KERNEL32.dll","GetProcAddress"
"0x00004225","0x004301E8","KERNEL32.dll","GetProcAddress"
"0x00004252","0x004301E8","KERNEL32.dll","GetProcAddress"
"0x0000427F","0x004301E8","KERNEL32.dll","GetProcAddress"
"0x000042AC","0x004301E8","KERNEL32.dll","GetProcAddress"
"0x000042D9","0x004301E8","KERNEL32.dll","GetProcAddress"
"0x00004306","0x004301E8","KERNEL32.dll","GetProcAddress"
"0x00004333","0x004301E8","KERNEL32.dll","GetProcAddress"
"0x00004360","0x004301E8","KERNEL32.dll","GetProcAddress"
"0x0000438D","0x004301E8","KERNEL32.dll","GetProcAddress"
"0x000043BA","0x004301E8","KERNEL32.dll","GetProcAddress"
"0x000043E7","0x004301E8","KERNEL32.dll","GetProcAddress"
"0x00004414","0x004301E8","KERNEL32.dll","GetProcAddress"
"0x00004441","0x004301E8","KERNEL32.dll","GetProcAddress"
"0x0000446E","0x004301E8","KERNEL32.dll","GetProcAddress"
"0x0000449B","0x004301E8","KERNEL32.dll","GetProcAddress"
"0x000044C8","0x004301E8","KERNEL32.dll","GetProcAddress"
"0x000044F5","0x004301E8","KERNEL32.dll","GetProcAddress"
"0x00004522","0x004301E8","KERNEL32.dll","GetProcAddress"
"0x0000454F","0x004301E8","KERNEL32.dll","GetProcAddress"
"0x0000457C","0x004301E8","KERNEL32.dll","GetProcAddress"
"0x000045A9","0x004301E8","KERNEL32.dll","GetProcAddress"
"0x000045D6","0x004301E8","KERNEL32.dll","GetProcAddress"
"0x00004603","0x004301E8","KERNEL32.dll","GetProcAddress"
"0x00004630","0x004301E8","KERNEL32.dll","GetProcAddress"
"0x0000465D","0x004301E8","KERNEL32.dll","GetProcAddress"
"0x0000468A","0x004301E8","KERNEL32.dll","GetProcAddress"
"0x000046B7","0x004301E8","KERNEL32.dll","GetProcAddress"
"0x000046E4","0x004301E8","KERNEL32.dll","GetProcAddress"
"0x00004711","0x004301E8","KERNEL32.dll","GetProcAddress"
"0x0000473E","0x004301E8","KERNEL32.dll","GetProcAddress"
"0x0000476B","0x004301E8","KERNEL32.dll","GetProcAddress"
"0x00004798","0x004301E8","KERNEL32.dll","GetProcAddress"
"0x000047C5","0x004301E8","KERNEL32.dll","GetProcAddress"
"0x000047F2","0x004301E8","KERNEL32.dll","GetProcAddress"
"0x0000481F","0x004301E8","KERNEL32.dll","GetProcAddress"
"0x0000484C","0x004301E8","KERNEL32.dll","GetProcAddress"
"0x00004879","0x004301E8","KERNEL32.dll","GetProcAddress"
"0x000048A6","0x004301E8","KERNEL32.dll","GetProcAddress"
"0x000048D3","0x004301E8","KERNEL32.dll","GetProcAddress"
"0x00004900","0x004301E8","KERNEL32.dll","GetProcAddress"
"0x0000492D","0x004301E8","KERNEL32.dll","GetProcAddress"
"0x0000495A","0x004301E8","KERNEL32.dll","GetProcAddress"
"0x00004987","0x004301E8","KERNEL32.dll","GetProcAddress"
"0x000049B4","0x004301E8","KERNEL32.dll","GetProcAddress"
"0x000049E1","0x004301E8","KERNEL32.dll","GetProcAddress"
"0x00004A0E","0x004301E8","KERNEL32.dll","GetProcAddress"
"0x00004A3B","0x004301E8","KERNEL32.dll","GetProcAddress"
"0x00004A68","0x004301E8","KERNEL32.dll","GetProcAddress"
"0x00004A95","0x004301E8","KERNEL32.dll","GetProcAddress"
"0x00004AC2","0x004301E8","KERNEL32.dll","GetProcAddress"
"0x00004AEF","0x004301E8","KERNEL32.dll","GetProcAddress"
"0x00004B1C","0x004301E8","KERNEL32.dll","GetProcAddress"
"0x00004B49","0x004301E8","KERNEL32.dll","GetProcAddress"
"0x00004B76","0x004301E8","KERNEL32.dll","GetProcAddress"
"0x00004BA3","0x004301E8","KERNEL32.dll","GetProcAddress"
"0x00004BD0","0x004301E8","KERNEL32.dll","GetProcAddress"
"0x00004BFD","0x004301E8","KERNEL32.dll","GetProcAddress"
"0x00004C2A","0x004301E8","KERNEL32.dll","GetProcAddress"
"0x00004C57","0x004301E8","KERNEL32.dll","GetProcAddress"
"0x00004C84","0x004301E8","KERNEL32.dll","GetProcAddress"
"0x00004CB1","0x004301E8","KERNEL32.dll","GetProcAddress"
"0x00004CDE","0x004301E8","KERNEL32.dll","GetProcAddress"
"0x00004D0B","0x004301E8","KERNEL32.dll","GetProcAddress"
"0x00004D38","0x004301E8","KERNEL32.dll","GetProcAddress"
"0x00004D65","0x004301E8","KERNEL32.dll","GetProcAddress"
"0x00004D92","0x004301E8","KERNEL32.dll","GetProcAddress"
"0x00004DBF","0x004301E8","KERNEL32.dll","GetProcAddress"
"0x00004DEC","0x004301E8","KERNEL32.dll","GetProcAddress"
"0x00004E19","0x004301E8","KERNEL32.dll","GetProcAddress"
"0x00004E46","0x004301E8","KERNEL32.dll","GetProcAddress"
"0x00004E73","0x004301E8","KERNEL32.dll","GetProcAddress"
"0x00004EA0","0x004301E8","KERNEL32.dll","GetProcAddress"
"0x00004ECD","0x004301E8","KERNEL32.dll","GetProcAddress"
"0x00004EFA","0x004301E8","KERNEL32.dll","GetProcAddress"
"0x00004F27","0x004301E8","KERNEL32.dll","GetProcAddress"
"0x00004F54","0x004301E8","KERNEL32.dll","GetProcAddress"
"0x00004F81","0x004301E8","KERNEL32.dll","GetProcAddress"
"0x00004FAE","0x004301E8","KERNEL32.dll","GetProcAddress"
"0x00004FDB","0x004301E8","KERNEL32.dll","GetProcAddress"
"0x00005008","0x004301E8","KERNEL32.dll","GetProcAddress"
"0x00005035","0x004301E8","KERNEL32.dll","GetProcAddress"
"0x00005062","0x004301E8","KERNEL32.dll","GetProcAddress"
"0x0000508F","0x004301E8","KERNEL32.dll","GetProcAddress"
"0x000050BC","0x004301E8","KERNEL32.dll","GetProcAddress"
"0x000050E9","0x004301E8","KERNEL32.dll","GetProcAddress"
"0x00005116","0x004301E8","KERNEL32.dll","GetProcAddress"
"0x00005143","0x004301E8","KERNEL32.dll","GetProcAddress"
"0x00005170","0x004301E8","KERNEL32.dll","GetProcAddress"
"0x0000519D","0x004301E8","KERNEL32.dll","GetProcAddress"
"0x000051CA","0x004301E8","KERNEL32.dll","GetProcAddress"
"0x000051F7","0x004301E8","KERNEL32.dll","GetProcAddress"
"0x00005224","0x004301E8","KERNEL32.dll","GetProcAddress"
"0x00005251","0x004301E8","KERNEL32.dll","GetProcAddress"
"0x0000527E","0x004301E8","KERNEL32.dll","GetProcAddress"
"0x000052AB","0x004301E8","KERNEL32.dll","GetProcAddress"
"0x000052D8","0x004301E8","KERNEL32.dll","GetProcAddress"
"0x00005305","0x004301E8","KERNEL32.dll","GetProcAddress"
"0x00005332","0x004301E8","KERNEL32.dll","GetProcAddress"
"0x000056EC","0x004302A8","KERNEL32.dll","FreeLibrary"
"0x00006AF9","0x004302A8","KERNEL32.dll","FreeLibrary"
"0x0000992D","0x00430240","KERNEL32.dll","TlsSetValue"
"0x000099AD","0x004304D8","KERNEL32.dll","TryEnterCriticalSection"
"0x00009A53","0x004301C0","KERNEL32.dll","DeleteCriticalSection"
"0x00009A60","0x00430500","KERNEL32.dll","HeapDestroy"
"0x00009AAB","0x004301A8","KERNEL32.dll","EnterCriticalSection"
"0x00009AC0","0x00430508","KERNEL32.dll","HeapAlloc"
"0x00009AD0","0x004301B0","KERNEL32.dll","LeaveCriticalSection"
"0x00009B07","0x004301A8","KERNEL32.dll","EnterCriticalSection"
"0x00009B1C","0x00430510","KERNEL32.dll","HeapFree"
"0x00009B29","0x004301B0","KERNEL32.dll","LeaveCriticalSection"
"0x00009B7F","0x004301A8","KERNEL32.dll","EnterCriticalSection"
"0x00009B94","0x00430508","KERNEL32.dll","HeapAlloc"
"0x00009BA4","0x004301B0","KERNEL32.dll","LeaveCriticalSection"
"0x00009BE6","0x004304D8","KERNEL32.dll","TryEnterCriticalSection"
"0x00009C43","0x004304E8","KERNEL32.dll","SwitchToThread"
"0x00009C74","0x00430528","KERNEL32.dll","HeapCreate"
"0x00009C8D","0x004304D0","KERNEL32.dll","InitializeCriticalSection"
"0x00009CC0","0x004301C0","KERNEL32.dll","DeleteCriticalSection"
"0x00009CCD","0x00430500","KERNEL32.dll","HeapDestroy"
"0x0000B687","0x00430538","KERNEL32.dll","GetSystemDirectoryW"
"0x0000B6B1","0x00430530","KERNEL32.dll","LocalAlloc"
"0x0000B6C5","0x00430538","KERNEL32.dll","GetSystemDirectoryW"
"0x0000B797","0x00430530","KERNEL32.dll","LocalAlloc"
"0x0000B8A1","0x00430200","KERNEL32.dll","SetLastError"
"0x0000B8B8","0x00430200","KERNEL32.dll","SetLastError"
"0x0000B8F8","0x00430548","KERNEL32.dll","LoadLibraryExW"
"0x0000B904","0x00430540","KERNEL32.dll","LocalFree"
"0x0000B976","0x00430540","KERNEL32.dll","LocalFree"
"0x0000BDA6","0x004301D0","KERNEL32.dll","TlsAlloc"
"0x0000BDB8","0x00430198","KERNEL32.dll","GetLastError"
"0x0000BE06","0x004301D0","KERNEL32.dll","TlsAlloc"
"0x0000BE18","0x00430198","KERNEL32.dll","GetLastError"
"0x0000C2B1","0x004308D0","WS2_32.dll","ORDINAL_115"
"0x0000C701","0x004308D0","WS2_32.dll","ORDINAL_115"
"0x0000D491","0x004308D0","WS2_32.dll","ORDINAL_115"
"0x0000E031","0x004308D0","WS2_32.dll","ORDINAL_115"
"0x0000E4A1","0x004308D0","WS2_32.dll","ORDINAL_115"
"0x0000E711","0x004308D0","WS2_32.dll","ORDINAL_115"
"0x0000E981","0x004308D0","WS2_32.dll","ORDINAL_115"
"0x0000EBF1","0x004308D0","WS2_32.dll","ORDINAL_115"
"0x00027C41","0x004308D0","WS2_32.dll","ORDINAL_115"
"0x00027EB1","0x004308D0","WS2_32.dll","ORDINAL_115"
"0x000289EB","0x00430378","KERNEL32.dll","GetModuleHandleW"
"0x000289FB","0x004301E8","KERNEL32.dll","GetProcAddress"
"0x00028A1B","0x00430378","KERNEL32.dll","GetModuleHandleW"
"0x00028A2B","0x004301E8","KERNEL32.dll","GetProcAddress"
"0x00028ACB","0x00430378","KERNEL32.dll","GetModuleHandleW"
"0x00028ADB","0x004301E8","KERNEL32.dll","GetProcAddress"
"0x000297D2","0x004301C0","KERNEL32.dll","DeleteCriticalSection"
"0x00035DC9","0x004301B8","KERNEL32.dll","InitializeCriticalSectionAndSpinCount"
"0x00035DD3","0x00430198","KERNEL32.dll","GetLastError"
"0x000388B6","0x004301E0","KERNEL32.dll","GetModuleHandleA"
"0x000388C2","0x004301E8","KERNEL32.dll","GetProcAddress"
"0x000389C2","0x004301C8","KERNEL32.dll","GetCurrentThread"
"0x000391BC","0x004301A8","KERNEL32.dll","EnterCriticalSection"
"0x000391E3","0x004301B0","KERNEL32.dll","LeaveCriticalSection"
"0x000395DF","0x004301A0","KERNEL32.dll","PostQueuedCompletionStatus"
"0x000395ED","0x004301A8","KERNEL32.dll","EnterCriticalSection"
"0x00039652","0x004301B0","KERNEL32.dll","LeaveCriticalSection"
"0x00041EC9","0x004308A0","WS2_32.dll","ORDINAL_9"
"0x00041F14","0x00430880","WS2_32.dll","ORDINAL_112"
"0x00041F6B","0x00430880","WS2_32.dll","ORDINAL_112"
"0x00041F7F","0x004308C0","WS2_32.dll","ORDINAL_2"
"0x00041F8F","0x00430878","WS2_32.dll","ORDINAL_111"
"0x00042006","0x00430880","WS2_32.dll","ORDINAL_112"
"0x00042014","0x00430898","WS2_32.dll","ORDINAL_13"
"0x00042024","0x00430878","WS2_32.dll","ORDINAL_111"
"0x00042BB0","0x004308A0","WS2_32.dll","ORDINAL_9"
"0x00042BC9","0x00430890","WS2_32.dll","ORDINAL_14"
"0x00042BD1","0x004308A8","WS2_32.dll","ORDINAL_8"
"0x00042BF4","0x004308A0","WS2_32.dll","ORDINAL_9"
"0x00042CE2","0x004308D0","WS2_32.dll","ORDINAL_115"
"0x00042FBF","0x00430208","KERNEL32.dll","CreateIoCompletionPort"
"0x00042FCE","0x00430198","KERNEL32.dll","GetLastError"
"0x00043862","0x004301F8","KERNEL32.dll","CloseHandle"
"0x00043B9F","0x004308C8","WS2_32.dll","ORDINAL_116"
"0x00043EFD","0x004301C0","KERNEL32.dll","DeleteCriticalSection"
"0x00043F0C","0x004301F8","KERNEL32.dll","CloseHandle"
"0x00043F1F","0x004301F8","KERNEL32.dll","CloseHandle"
"0x00043F3B","0x004301F8","KERNEL32.dll","CloseHandle"
"0x00044DC3","0x004301C0","KERNEL32.dll","DeleteCriticalSection"
"0x00045F2E","0x00430238","KERNEL32.dll","TlsGetValue"
"0x00045FAC","0x00430238","KERNEL32.dll","TlsGetValue"
"0x0004665B","0x00430880","WS2_32.dll","ORDINAL_112"
"0x0004667C","0x00430888","WS2_32.dll","ORDINAL_21"
"0x00046689","0x00430878","WS2_32.dll","ORDINAL_111"
"0x0004669A","0x00430880","WS2_32.dll","ORDINAL_112"
"0x000466A3","0x004308B8","WS2_32.dll","ORDINAL_3"
"0x000466B3","0x00430878","WS2_32.dll","ORDINAL_111"
"0x00046706","0x004308B0","WS2_32.dll","ORDINAL_10"
"0x00046712","0x00430880","WS2_32.dll","ORDINAL_112"
"0x0004671B","0x004308B8","WS2_32.dll","ORDINAL_3"
"0x0004672B","0x00430878","WS2_32.dll","ORDINAL_111"
"0x000468F2","0x00430880","WS2_32.dll","ORDINAL_112"
"0x00046912","0x00430888","WS2_32.dll","ORDINAL_21"
"0x00046922","0x00430878","WS2_32.dll","ORDINAL_111"
"0x00046A6D","0x004301A8","KERNEL32.dll","EnterCriticalSection"
"0x00046B3B","0x004301A8","KERNEL32.dll","EnterCriticalSection"
"0x00046BAE","0x004301A8","KERNEL32.dll","EnterCriticalSection"
"0x00046DA5","0x00430208","KERNEL32.dll","CreateIoCompletionPort"
"0x00046DB0","0x00430198","KERNEL32.dll","GetLastError"
"0x0004735A","0x004301A8","KERNEL32.dll","EnterCriticalSection"
"0x00047428","0x00430220","KERNEL32.dll","SetWaitableTimer"
"0x00047481","0x004301B0","KERNEL32.dll","LeaveCriticalSection"
"0x00047495","0x00430200","KERNEL32.dll","SetLastError"
"0x000474BC","0x00430210","KERNEL32.dll","GetQueuedCompletionStatus"
"0x000474C5","0x00430198","KERNEL32.dll","GetLastError"
"0x000475CC","0x004301A0","KERNEL32.dll","PostQueuedCompletionStatus"
"0x000475D6","0x00430198","KERNEL32.dll","GetLastError"
"0x0004762E","0x004301A0","KERNEL32.dll","PostQueuedCompletionStatus"
"0x00047638","0x00430198","KERNEL32.dll","GetLastError"
"0x0004771F","0x00430208","KERNEL32.dll","CreateIoCompletionPort"
"0x0004772D","0x00430198","KERNEL32.dll","GetLastError"
"0x000478EC","0x004301A8","KERNEL32.dll","EnterCriticalSection"
"0x0004794D","0x004301B0","KERNEL32.dll","LeaveCriticalSection"
"0x0004796B","0x004301A8","KERNEL32.dll","EnterCriticalSection"
"0x000479DA","0x004301B0","KERNEL32.dll","LeaveCriticalSection"
"0x00047CA5","0x004301F0","KERNEL32.dll","VerSetConditionMask"
"0x00047CB8","0x00430250","KERNEL32.dll","VerifyVersionInfoA"
"0x000480C4","0x00430880","WS2_32.dll","ORDINAL_112"
"0x00048167","0x00430858","WS2_32.dll","WSAAddressToStringW"
"0x00048178","0x00430878","WS2_32.dll","ORDINAL_111"
"0x000481AC","0x00430258","KERNEL32.dll","WideCharToMultiByte"
"0x000482FB","0x00430880","WS2_32.dll","ORDINAL_112"
"0x00048326","0x00430868","WS2_32.dll","WSASend"
"0x00048333","0x00430878","WS2_32.dll","ORDINAL_111"
"0x000489EB","0x00430248","KERNEL32.dll","WaitForMultipleObjects"
"0x000489F5","0x004301F8","KERNEL32.dll","CloseHandle"
"0x00048A0F","0x00430230","KERNEL32.dll","TerminateThread"
"0x00048A29","0x00430228","KERNEL32.dll","QueueUserAPC"
"0x00048A36","0x00430218","KERNEL32.dll","WaitForSingleObject"
"0x0004A6BB","0x004301A0","KERNEL32.dll","PostQueuedCompletionStatus"
"0x0004A6CE","0x004301A8","KERNEL32.dll","EnterCriticalSection"
"0x0004A703","0x004301B0","KERNEL32.dll","LeaveCriticalSection"
"0x0004A76B","0x004301A0","KERNEL32.dll","PostQueuedCompletionStatus"
"0x0004A779","0x004301A8","KERNEL32.dll","EnterCriticalSection"
"0x0004A7AE","0x004301B0","KERNEL32.dll","LeaveCriticalSection"
"0x0004A802","0x004301A0","KERNEL32.dll","PostQueuedCompletionStatus"
"0x0004A815","0x004301A8","KERNEL32.dll","EnterCriticalSection"
"0x0004A84A","0x004301B0","KERNEL32.dll","LeaveCriticalSection"
"0x000510BC","0x004301A0","KERNEL32.dll","PostQueuedCompletionStatus"
"0x000510CE","0x004301A8","KERNEL32.dll","EnterCriticalSection"
"0x000510FF","0x004301B0","KERNEL32.dll","LeaveCriticalSection"
"0x0005114A","0x00430878","WS2_32.dll","ORDINAL_111"
"0x00051208","0x00430238","KERNEL32.dll","TlsGetValue"
"0x0005121E","0x00430240","KERNEL32.dll","TlsSetValue"
"0x0005126C","0x00430240","KERNEL32.dll","TlsSetValue"
"0x0005526C","0x00430220","KERNEL32.dll","SetWaitableTimer"
"0x0005536A","0x00430210","KERNEL32.dll","GetQueuedCompletionStatus"
"0x00055452","0x004301A8","KERNEL32.dll","EnterCriticalSection"
"0x00055497","0x004301A8","KERNEL32.dll","EnterCriticalSection"
"0x000554D9","0x004301B0","KERNEL32.dll","LeaveCriticalSection"
"0x00055650","0x00430880","WS2_32.dll","ORDINAL_112"
"0x00055670","0x00430860","WS2_32.dll","WSASocketW"
"0x00055681","0x00430878","WS2_32.dll","ORDINAL_111"
"0x000556C8","0x00430888","WS2_32.dll","ORDINAL_21"
"0x00055F5E","0x00430878","WS2_32.dll","ORDINAL_111"
"0x00056057","0x00430870","WS2_32.dll","WSARecv"
"0x0005605F","0x00430878","WS2_32.dll","ORDINAL_111"
"0x00056167","0x00430868","WS2_32.dll","WSASend"
"0x0005616F","0x00430878","WS2_32.dll","ORDINAL_111"
"0x000561F3","0x004301A0","KERNEL32.dll","PostQueuedCompletionStatus"
"0x00056202","0x00430198","KERNEL32.dll","GetLastError"
"0x0006B5D6","0x004301E0","KERNEL32.dll","GetModuleHandleA"
"0x0006B5E2","0x004301E8","KERNEL32.dll","GetProcAddress"
"0x0006B762","0x00430288","KERNEL32.dll","GetCurrentProcess"
"0x0006BC5C","0x004301E0","KERNEL32.dll","GetModuleHandleA"
"0x0006BC68","0x004301E8","KERNEL32.dll","GetProcAddress"
"0x0006BDF1","0x00430288","KERNEL32.dll","GetCurrentProcess"
"0x0006C2E2","0x004301E0","KERNEL32.dll","GetModuleHandleA"
"0x0006C2EE","0x004301E8","KERNEL32.dll","GetProcAddress"
"0x0006C34A","0x00430288","KERNEL32.dll","GetCurrentProcess"
"0x0006C7F3","0x00430200","KERNEL32.dll","SetLastError"
"0x0006C83C","0x00430198","KERNEL32.dll","GetLastError"
"0x0006D23D","0x00430288","KERNEL32.dll","GetCurrentProcess"
"0x0006D352","0x00430298","KERNEL32.dll","GetTickCount64"
"0x0006DD80","0x00430298","KERNEL32.dll","GetTickCount64"
"0x0006F059","0x00430270","KERNEL32.dll","GetSystemTimeAsFileTime"
"0x0006F818","0x00430278","KERNEL32.dll","CreateFileA"
"0x0006F895","0x00430198","KERNEL32.dll","GetLastError"
"0x0006F8A7","0x004301F8","KERNEL32.dll","CloseHandle"
"0x00074B43","0x00430290","KERNEL32.dll","GetLocalTime"
"0x00086944","0x00430260","KERNEL32.dll","WaitForSingleObjectEx"
"0x00087649","0x00430268","KERNEL32.dll","ReleaseSemaphore"
"0x0008766E","0x00430268","KERNEL32.dll","ReleaseSemaphore"
"0x0008C340","0x00430880","WS2_32.dll","ORDINAL_112"
"0x0008C3CB","0x004302A0","KERNEL32.dll","MultiByteToWideChar"
"0x0008C3E7","0x00430850","WS2_32.dll","WSAStringToAddressW"
"0x0008C3F8","0x00430878","WS2_32.dll","ORDINAL_111"
"0x000A96AD","0x00430288","KERNEL32.dll","GetCurrentProcess"
"0x000A9AC8","0x004302A8","KERNEL32.dll","FreeLibrary"
"0x000A9E46","0x00430288","KERNEL32.dll","GetCurrentProcess"
"0x000AA0E8","0x004302A8","KERNEL32.dll","FreeLibrary"
"0x000B48E8","0x004302B0","KERNEL32.dll","WaitForMultipleObjectsEx"
"0x000B4950","0x00430268","KERNEL32.dll","ReleaseSemaphore"
"0x000B5E6A","0x00430268","KERNEL32.dll","ReleaseSemaphore"
"0x000B5E8F","0x00430268","KERNEL32.dll","ReleaseSemaphore"
"0x00129AA5","0x004302B8","KERNEL32.dll","SetErrorMode"
"0x00186AE8","0x004302C0","KERNEL32.dll","LoadLibraryA"
"0x00186D72","0x004301E8","KERNEL32.dll","GetProcAddress"
"0x00187058","0x004301E8","KERNEL32.dll","GetProcAddress"
"0x00187296","0x004301E8","KERNEL32.dll","GetProcAddress"
"0x001874A8","0x004301E8","KERNEL32.dll","GetProcAddress"
"0x00187739","0x004301E8","KERNEL32.dll","GetProcAddress"
"0x00187998","0x004301E8","KERNEL32.dll","GetProcAddress"
"0x00187BBA","0x004301E8","KERNEL32.dll","GetProcAddress"
"0x00187E25","0x004301E8","KERNEL32.dll","GetProcAddress"
"0x00188170","0x004301E8","KERNEL32.dll","GetProcAddress"
"0x00188402","0x004301E8","KERNEL32.dll","GetProcAddress"
"0x00188664","0x004301E8","KERNEL32.dll","GetProcAddress"
"0x001889A0","0x004301E8","KERNEL32.dll","GetProcAddress"
"0x00188D0A","0x004301E8","KERNEL32.dll","GetProcAddress"
"0x00188F7C","0x004301E8","KERNEL32.dll","GetProcAddress"
"0x00189213","0x004301E8","KERNEL32.dll","GetProcAddress"
"0x001895BD","0x004301E8","KERNEL32.dll","GetProcAddress"
"0x00189874","0x004301E8","KERNEL32.dll","GetProcAddress"
"0x00189C1E","0x004301E8","KERNEL32.dll","GetProcAddress"
"0x00189EA0","0x004301E8","KERNEL32.dll","GetProcAddress"
"0x0018A0E2","0x004301E8","KERNEL32.dll","GetProcAddress"
"0x0018A40A","0x004301E8","KERNEL32.dll","GetProcAddress"
"0x0018A7B4","0x004301E8","KERNEL32.dll","GetProcAddress"
"0x0018AA8E","0x004301E8","KERNEL32.dll","GetProcAddress"
"0x0018AD82","0x004301E8","KERNEL32.dll","GetProcAddress"
"0x0018B026","0x004301E8","KERNEL32.dll","GetProcAddress"
"0x0018B2B7","0x004301E8","KERNEL32.dll","GetProcAddress"
"0x0018B519","0x004301E8","KERNEL32.dll","GetProcAddress"
"0x0018B79B","0x004301E8","KERNEL32.dll","GetProcAddress"
"0x0018B9AD","0x004301E8","KERNEL32.dll","GetProcAddress"
"0x0018BC20","0x004301E8","KERNEL32.dll","GetProcAddress"
"0x0018BF96","0x004301E8","KERNEL32.dll","GetProcAddress"
"0x0018C227","0x004301E8","KERNEL32.dll","GetProcAddress"
"0x0018C5D1","0x004301E8","KERNEL32.dll","GetProcAddress"
"0x0018C853","0x004301E8","KERNEL32.dll","GetProcAddress"
"0x0018CBFD","0x004301E8","KERNEL32.dll","GetProcAddress"
"0x0018CEDA","0x004301E8","KERNEL32.dll","GetProcAddress"
"0x0018D13C","0x004301E8","KERNEL32.dll","GetProcAddress"
"0x0018D3F3","0x004301E8","KERNEL32.dll","GetProcAddress"
"0x0018D68D","0x004301E8","KERNEL32.dll","GetProcAddress"
"0x0018D927","0x004301E8","KERNEL32.dll","GetProcAddress"
"0x0018DBD9","0x004301E8","KERNEL32.dll","GetProcAddress"
"0x0018DEA6","0x004301E8","KERNEL32.dll","GetProcAddress"
"0x0018E0F8","0x004301E8","KERNEL32.dll","GetProcAddress"
"0x0018E35F","0x004301E8","KERNEL32.dll","GetProcAddress"
"0x0018E602","0x004301E8","KERNEL32.dll","GetProcAddress"
"0x0018E859","0x004301E8","KERNEL32.dll","GetProcAddress"
"0x0018EB73","0x004301E8","KERNEL32.dll","GetProcAddress"
"0x0018ED85","0x004301E8","KERNEL32.dll","GetProcAddress"
"0x0018EF97","0x004301E8","KERNEL32.dll","GetProcAddress"
"0x0018F219","0x004301E8","KERNEL32.dll","GetProcAddress"
"0x0018F4E6","0x004301E8","KERNEL32.dll","GetProcAddress"
"0x0018F72B","0x004301E8","KERNEL32.dll","GetProcAddress"
"0x0018F97A","0x004301E8","KERNEL32.dll","GetProcAddress"
"0x0018FDF4","0x004301E8","KERNEL32.dll","GetProcAddress"
"0x00190085","0x004301E8","KERNEL32.dll","GetProcAddress"
"0x00190316","0x004301E8","KERNEL32.dll","GetProcAddress"
"0x001A3184","0x004301E8","KERNEL32.dll","GetProcAddress"
"0x001A322A","0x004302A8","KERNEL32.dll","FreeLibrary"
"0x001A5AD0","0x004302A8","KERNEL32.dll","FreeLibrary"
"0x001C0842","0x004302D8","KERNEL32.dll","CreateProcessA"
"0x001C0850","0x00430198","KERNEL32.dll","GetLastError"
"0x001C0F62","0x00430218","KERNEL32.dll","WaitForSingleObject"
"0x001C0F72","0x004302D0","KERNEL32.dll","GetExitCodeProcess"
"0x001C0F7D","0x004301F8","KERNEL32.dll","CloseHandle"
"0x001C0F88","0x004301F8","KERNEL32.dll","CloseHandle"
"0x001C1C37","0x004302C8","KERNEL32.dll","DeviceIoControl"
"0x001C1CA0","0x004302C8","KERNEL32.dll","DeviceIoControl"
"0x001C1D58","0x004302C8","KERNEL32.dll","DeviceIoControl"
"0x001C1E0E","0x004302C8","KERNEL32.dll","DeviceIoControl"
"0x001C1EAC","0x004302C8","KERNEL32.dll","DeviceIoControl"
"0x001C1F3E","0x004302C8","KERNEL32.dll","DeviceIoControl"
"0x001C40F0","0x00430278","KERNEL32.dll","CreateFileA"
"0x001C4290","0x00430278","KERNEL32.dll","CreateFileA"
"0x001C42B7","0x00430198","KERNEL32.dll","GetLastError"
"0x001C44A1","0x004302C8","KERNEL32.dll","DeviceIoControl"
"0x001C59A1","0x004301F8","KERNEL32.dll","CloseHandle"
"0x001C6C1C","0x004302C8","KERNEL32.dll","DeviceIoControl"
"0x001C6C65","0x004302C8","KERNEL32.dll","DeviceIoControl"
"0x001D11DE","0x004302E0","KERNEL32.dll","ExpandEnvironmentStringsA"
"0x001D1279","0x004302F0","KERNEL32.dll","LoadLibraryExA"
"0x001D1297","0x004302E8","KERNEL32.dll","GetSystemDirectoryA"
"0x001D13F9","0x004302F0","KERNEL32.dll","LoadLibraryExA"
"0x001D1528","0x004301E8","KERNEL32.dll","GetProcAddress"
"0x001D16A5","0x004301E8","KERNEL32.dll","GetProcAddress"
"0x001D1874","0x004301E8","KERNEL32.dll","GetProcAddress"
"0x001D19F3","0x004301E8","KERNEL32.dll","GetProcAddress"
"0x001D1C60","0x004301E8","KERNEL32.dll","GetProcAddress"
"0x001D1E2E","0x004301E8","KERNEL32.dll","GetProcAddress"
"0x001D209A","0x004301E8","KERNEL32.dll","GetProcAddress"
"0x001D221A","0x004301E8","KERNEL32.dll","GetProcAddress"
"0x001D239A","0x004301E8","KERNEL32.dll","GetProcAddress"
"0x001D24E8","0x004301E8","KERNEL32.dll","GetProcAddress"
"0x001D2711","0x004301E8","KERNEL32.dll","GetProcAddress"
"0x001D2901","0x004301E8","KERNEL32.dll","GetProcAddress"
"0x001D2AA8","0x004301E8","KERNEL32.dll","GetProcAddress"
"0x001D2C81","0x004301E8","KERNEL32.dll","GetProcAddress"
"0x001D2E5E","0x004301E8","KERNEL32.dll","GetProcAddress"
"0x001D310A","0x004301E8","KERNEL32.dll","GetProcAddress"
"0x001D3301","0x004301E8","KERNEL32.dll","GetProcAddress"
"0x001D34ED","0x004301E8","KERNEL32.dll","GetProcAddress"
"0x001DE511","0x004302A8","KERNEL32.dll","FreeLibrary"
"0x001EB1DF","0x004302A8","KERNEL32.dll","FreeLibrary"
"0x001FE21A","0x004302C0","KERNEL32.dll","LoadLibraryA"
"0x001FE396","0x004301E8","KERNEL32.dll","GetProcAddress"
"0x0021E1DC","0x004302F8","KERNEL32.dll","CreateSemaphoreA"
"0x0021E1FB","0x00430268","KERNEL32.dll","ReleaseSemaphore"
"0x0021E280","0x004302F8","KERNEL32.dll","CreateSemaphoreA"
"0x0021E29F","0x00430268","KERNEL32.dll","ReleaseSemaphore"
"0x0021E2B1","0x00430268","KERNEL32.dll","ReleaseSemaphore"
"0x0021E76C","0x004302F8","KERNEL32.dll","CreateSemaphoreA"
"0x00221038","0x00430300","KERNEL32.dll","GetSystemTime"
"0x00221043","0x00430290","KERNEL32.dll","GetLocalTime"
"0x00221053","0x00430308","KERNEL32.dll","SystemTimeToFileTime"
"0x00221063","0x00430308","KERNEL32.dll","SystemTimeToFileTime"
"0x002214ED","0x004302A0","KERNEL32.dll","MultiByteToWideChar"
"0x00221533","0x004302A0","KERNEL32.dll","MultiByteToWideChar"
"0x00221632","0x00430310","KERNEL32.dll","SetConsoleCtrlHandler"
"0x00221911","0x00430258","KERNEL32.dll","WideCharToMultiByte"
"0x0022194E","0x00430258","KERNEL32.dll","WideCharToMultiByte"
"0x00222275","0x00430318","KERNEL32.dll","GetStdHandle"
"0x00222287","0x00430318","KERNEL32.dll","GetStdHandle"
"0x00222298","0x00430330","KERNEL32.dll","GetConsoleMode"
"0x002222B6","0x00430338","KERNEL32.dll","SetConsoleMode"
"0x002222E9","0x00430318","KERNEL32.dll","GetStdHandle"
"0x0022233F","0x00430320","KERNEL32.dll","WriteFile"
"0x00222368","0x00430290","KERNEL32.dll","GetLocalTime"
"0x002226AE","0x004302B8","KERNEL32.dll","SetErrorMode"
"0x002229A0","0x004302D8","KERNEL32.dll","CreateProcessA"
"0x002229AF","0x004301F8","KERNEL32.dll","CloseHandle"
"0x002229BA","0x004301F8","KERNEL32.dll","CloseHandle"
"0x002229C5","0x00430198","KERNEL32.dll","GetLastError"
"0x00222E4F","0x004302D8","KERNEL32.dll","CreateProcessA"
"0x00222E5E","0x004301F8","KERNEL32.dll","CloseHandle"
"0x00222E69","0x004301F8","KERNEL32.dll","CloseHandle"
"0x00222E74","0x00430198","KERNEL32.dll","GetLastError"
"0x002231E7","0x00430298","KERNEL32.dll","GetTickCount64"
"0x00223231","0x00430298","KERNEL32.dll","GetTickCount64"
"0x002232B3","0x00430298","KERNEL32.dll","GetTickCount64"
"0x002232C6","0x00430298","KERNEL32.dll","GetTickCount64"
"0x00223388","0x00430298","KERNEL32.dll","GetTickCount64"
"0x00223489","0x00430298","KERNEL32.dll","GetTickCount64"
"0x002234C2","0x00430298","KERNEL32.dll","GetTickCount64"
"0x00223DE4","0x00430288","KERNEL32.dll","GetCurrentProcess"
"0x0022433B","0x00430298","KERNEL32.dll","GetTickCount64"
"0x0022436A","0x00430350","KERNEL32.dll","GetCurrentProcessId"
"0x00224510","0x004301F8","KERNEL32.dll","CloseHandle"
"0x00224593","0x00430360","KERNEL32.dll","OpenProcess"
"0x002245B8","0x00430380","KERNEL32.dll","QueryFullProcessImageNameA"
"0x002245EF","0x004301F8","KERNEL32.dll","CloseHandle"
"0x0022487C","0x00430340","KERNEL32.dll","CreateFileW"
"0x002248CA","0x004301F8","KERNEL32.dll","CloseHandle"
"0x0022491A","0x004301F8","KERNEL32.dll","CloseHandle"
"0x00224B1E","0x004301F8","KERNEL32.dll","CloseHandle"
"0x00225865","0x004303A8","KERNEL32.dll","SetThreadExecutionState"
"0x00225E49","0x004303B0","KERNEL32.dll","CreateWaitableTimerA"
"0x00225E5F","0x00430198","KERNEL32.dll","GetLastError"
"0x00225FE9","0x00430290","KERNEL32.dll","GetLocalTime"
"0x00226009","0x00430308","KERNEL32.dll","SystemTimeToFileTime"
"0x0022606E","0x004305D0","KERNEL32.dll","FileTimeToSystemTime"
"0x002260A7","0x00430308","KERNEL32.dll","SystemTimeToFileTime"
"0x002260B7","0x004303A0","KERNEL32.dll","LocalFileTimeToFileTime"
"0x002260E6","0x00430220","KERNEL32.dll","SetWaitableTimer"
"0x002260F4","0x00430198","KERNEL32.dll","GetLastError"
"0x0022705B","0x004303C0","KERNEL32.dll","GlobalMemoryStatusEx"
"0x00227F84","0x004301C8","KERNEL32.dll","GetCurrentThread"
"0x00227FA4","0x004301C8","KERNEL32.dll","GetCurrentThread"
"0x0022A42A","0x00430058","ADVAPI32.dll","RegCloseKey"
"0x0022A4A9","0x00430080","ADVAPI32.dll","RegGetValueW"
"0x0022A8C3","0x00430080","ADVAPI32.dll","RegGetValueW"
"0x0022AC96","0x00430080","ADVAPI32.dll","RegGetValueW"
"0x0022AFB3","0x00430068","ADVAPI32.dll","RegOpenKeyExW"
"0x0022B14D","0x00430058","ADVAPI32.dll","RegCloseKey"
"0x0022B1D7","0x00430078","ADVAPI32.dll","RegSetValueExW"
"0x0022B513","0x00430070","ADVAPI32.dll","RegQueryValueExW"
"0x00230899","0x004301A8","KERNEL32.dll","EnterCriticalSection"
"0x0023090D","0x004301B0","KERNEL32.dll","LeaveCriticalSection"
"0x00230989","0x004301A8","KERNEL32.dll","EnterCriticalSection"
"0x002309FE","0x004301B0","KERNEL32.dll","LeaveCriticalSection"
"0x00232B2E","0x004301A8","KERNEL32.dll","EnterCriticalSection"
"0x00232B62","0x004301B0","KERNEL32.dll","LeaveCriticalSection"
"0x00232BCE","0x004301A8","KERNEL32.dll","EnterCriticalSection"
"0x00232C03","0x004301B0","KERNEL32.dll","LeaveCriticalSection"
"0x00232C4A","0x00430880","WS2_32.dll","ORDINAL_112"
"0x00232C67","0x00430888","WS2_32.dll","ORDINAL_21"
"0x00232C77","0x00430878","WS2_32.dll","ORDINAL_111"
"0x00237DFE","0x00430808","WS2_32.dll","freeaddrinfo"
"0x00238066","0x004308C8","WS2_32.dll","ORDINAL_116"
"0x002386ED","0x004308C8","WS2_32.dll","ORDINAL_116"
"0x00238D54","0x004301F8","KERNEL32.dll","CloseHandle"
"0x00238DCE","0x004308C8","WS2_32.dll","ORDINAL_116"
"0x00238EBF","0x004301C0","KERNEL32.dll","DeleteCriticalSection"
"0x0023BD1A","0x00430218","KERNEL32.dll","WaitForSingleObject"
"0x0023BD3F","0x004301A0","KERNEL32.dll","PostQueuedCompletionStatus"
"0x0023D546","0x00430880","WS2_32.dll","ORDINAL_112"
"0x0023D555","0x004308C0","WS2_32.dll","ORDINAL_2"
"0x0023D565","0x00430878","WS2_32.dll","ORDINAL_111"
"0x0023E2DE","0x00430878","WS2_32.dll","ORDINAL_111"
"0x0023EF3E","0x00430880","WS2_32.dll","ORDINAL_112"
"0x0023EF5D","0x00430888","WS2_32.dll","ORDINAL_21"
"0x0023EF6D","0x00430878","WS2_32.dll","ORDINAL_111"
"0x0023FF66","0x00430880","WS2_32.dll","ORDINAL_112"
"0x0023FF75","0x00430838","WS2_32.dll","ORDINAL_4"
"0x0023FF85","0x00430878","WS2_32.dll","ORDINAL_111"
"0x0024030F","0x00430890","WS2_32.dll","ORDINAL_14"
"0x00240317","0x004308A8","WS2_32.dll","ORDINAL_8"
"0x00246EF0","0x004301A8","KERNEL32.dll","EnterCriticalSection"
"0x00246F07","0x004301B0","KERNEL32.dll","LeaveCriticalSection"
"0x00246F4D","0x004301A8","KERNEL32.dll","EnterCriticalSection"
"0x00246F7D","0x004303B0","KERNEL32.dll","CreateWaitableTimerA"
"0x00246F8C","0x00430198","KERNEL32.dll","GetLastError"
"0x00246FF0","0x00430220","KERNEL32.dll","SetWaitableTimer"
"0x00247031","0x004301F8","KERNEL32.dll","CloseHandle"
"0x002473E8","0x00430880","WS2_32.dll","ORDINAL_112"
"0x002473FF","0x00430810","WS2_32.dll","getaddrinfo"
"0x002488D2","0x00430350","KERNEL32.dll","GetCurrentProcessId"
"0x00248902","0x004303E8","KERNEL32.dll","CreateMutexW"
"0x00248910","0x00430198","KERNEL32.dll","GetLastError"
"0x0024891B","0x00430198","KERNEL32.dll","GetLastError"
"0x00248930","0x00430218","KERNEL32.dll","WaitForSingleObject"
"0x00248944","0x004301B8","KERNEL32.dll","InitializeCriticalSectionAndSpinCount"
"0x0024894E","0x00430198","KERNEL32.dll","GetLastError"
"0x00248959","0x004303D8","KERNEL32.dll","ReleaseMutex"
"0x00248962","0x004301F8","KERNEL32.dll","CloseHandle"
"0x00248972","0x004303D8","KERNEL32.dll","ReleaseMutex"
"0x0024897B","0x004301F8","KERNEL32.dll","CloseHandle"
"0x0024898A","0x004303D8","KERNEL32.dll","ReleaseMutex"
"0x00248995","0x004301F8","KERNEL32.dll","CloseHandle"
"0x00248A19","0x004301A8","KERNEL32.dll","EnterCriticalSection"
"0x00249914","0x004308E0","WS2_32.dll","WSAIoctl"
"0x0024A731","0x00430298","KERNEL32.dll","GetTickCount64"
"0x0024A781","0x00430298","KERNEL32.dll","GetTickCount64"
"0x0024EE3F","0x00430820","WS2_32.dll","ORDINAL_18"
"0x0024EE6F","0x00430880","WS2_32.dll","ORDINAL_112"
"0x0024EE9A","0x00430828","WS2_32.dll","ORDINAL_7"
"0x0024EEAA","0x00430878","WS2_32.dll","ORDINAL_111"
"0x0024EF83","0x00430880","WS2_32.dll","ORDINAL_112"
"0x0024EFA7","0x00430860","WS2_32.dll","WSASocketW"
"0x0024EFB8","0x00430878","WS2_32.dll","ORDINAL_111"
"0x0024F033","0x00430880","WS2_32.dll","ORDINAL_112"
"0x0024F053","0x00430888","WS2_32.dll","ORDINAL_21"
"0x0024F060","0x00430878","WS2_32.dll","ORDINAL_111"
"0x0024F08B","0x004308A8","WS2_32.dll","ORDINAL_8"
"0x0024F0BC","0x00430880","WS2_32.dll","ORDINAL_112"
"0x0024F0CC","0x004308C0","WS2_32.dll","ORDINAL_2"
"0x0024F0DD","0x00430878","WS2_32.dll","ORDINAL_111"
"0x0024F14C","0x00430880","WS2_32.dll","ORDINAL_112"
"0x0024F161","0x00430830","WS2_32.dll","ORDINAL_6"
"0x0024F176","0x00430878","WS2_32.dll","ORDINAL_111"
"0x0024F1C6","0x004308A8","WS2_32.dll","ORDINAL_8"
"0x0024F1D6","0x004308A8","WS2_32.dll","ORDINAL_8"
"0x0024F202","0x00430880","WS2_32.dll","ORDINAL_112"
"0x0024F210","0x00430898","WS2_32.dll","ORDINAL_13"
"0x0024F221","0x00430878","WS2_32.dll","ORDINAL_111"
"0x0024F271","0x00430880","WS2_32.dll","ORDINAL_112"
"0x0024F292","0x00430860","WS2_32.dll","WSASocketW"
"0x0024F2A3","0x00430878","WS2_32.dll","ORDINAL_111"
"0x0024F323","0x00430880","WS2_32.dll","ORDINAL_112"
"0x0024F333","0x00430838","WS2_32.dll","ORDINAL_4"
"0x0024F344","0x00430878","WS2_32.dll","ORDINAL_111"
"0x0024F3A9","0x00430880","WS2_32.dll","ORDINAL_112"
"0x0024F3BA","0x00430840","WS2_32.dll","ORDINAL_1"
"0x0024F3CB","0x00430878","WS2_32.dll","ORDINAL_111"
"0x0024F456","0x00430880","WS2_32.dll","ORDINAL_112"
"0x0024F468","0x004308B0","WS2_32.dll","ORDINAL_10"
"0x0024F479","0x00430878","WS2_32.dll","ORDINAL_111"
"0x0024F4E5","0x00430880","WS2_32.dll","ORDINAL_112"
"0x0024F503","0x00430888","WS2_32.dll","ORDINAL_21"
"0x0024F510","0x00430878","WS2_32.dll","ORDINAL_111"
"0x0024F54B","0x00430880","WS2_32.dll","ORDINAL_112"
"0x0024F55D","0x004308B0","WS2_32.dll","ORDINAL_10"
"0x0024F56E","0x00430878","WS2_32.dll","ORDINAL_111"
"0x0024F5D9","0x00430880","WS2_32.dll","ORDINAL_112"
"0x0024F5F7","0x00430888","WS2_32.dll","ORDINAL_21"
"0x0024F604","0x00430878","WS2_32.dll","ORDINAL_111"
"0x00253AA9","0x004301A0","KERNEL32.dll","PostQueuedCompletionStatus"
"0x00253ABC","0x004301A8","KERNEL32.dll","EnterCriticalSection"
"0x00253AF1","0x004301B0","KERNEL32.dll","LeaveCriticalSection"
"0x00262BF1","0x00430880","WS2_32.dll","ORDINAL_112"
"0x00264B15","0x004308C8","WS2_32.dll","ORDINAL_116"
"0x00264B71","0x004301F8","KERNEL32.dll","CloseHandle"
"0x00264DF8","0x00430880","WS2_32.dll","ORDINAL_112"
"0x00264E2D","0x00430870","WS2_32.dll","WSARecv"
"0x00264E3A","0x00430878","WS2_32.dll","ORDINAL_111"
"0x00264E75","0x00430880","WS2_32.dll","ORDINAL_112"
"0x00264EAA","0x00430870","WS2_32.dll","WSARecv"
"0x00264EB7","0x00430878","WS2_32.dll","ORDINAL_111"
"0x002655C6","0x004301A8","KERNEL32.dll","EnterCriticalSection"
"0x00265799","0x004301B0","KERNEL32.dll","LeaveCriticalSection"
"0x002657FC","0x004301A8","KERNEL32.dll","EnterCriticalSection"
"0x0026588F","0x004301B0","KERNEL32.dll","LeaveCriticalSection"
"0x002658DF","0x004301A8","KERNEL32.dll","EnterCriticalSection"
"0x00265907","0x004301B0","KERNEL32.dll","LeaveCriticalSection"
"0x00265940","0x004301A8","KERNEL32.dll","EnterCriticalSection"
"0x002659B7","0x004301B0","KERNEL32.dll","LeaveCriticalSection"
"0x00265A01","0x00430880","WS2_32.dll","ORDINAL_112"
"0x00265A44","0x00430348","KERNEL32.dll","Sleep"
"0x00265AA1","0x00430820","WS2_32.dll","ORDINAL_18"
"0x00265AB1","0x00430878","WS2_32.dll","ORDINAL_111"
"0x0026956D","0x004301F8","KERNEL32.dll","CloseHandle"
"0x002695DA","0x004301A8","KERNEL32.dll","EnterCriticalSection"
"0x002695F2","0x004301B0","KERNEL32.dll","LeaveCriticalSection"
"0x0026962D","0x004301F8","KERNEL32.dll","CloseHandle"
"0x0026B667","0x00430878","WS2_32.dll","ORDINAL_111"
"0x0026B74D","0x00430880","WS2_32.dll","ORDINAL_112"
"0x0026B766","0x004308B0","WS2_32.dll","ORDINAL_10"
"0x0026B776","0x00430878","WS2_32.dll","ORDINAL_111"
"0x0026B86B","0x004301A8","KERNEL32.dll","EnterCriticalSection"
"0x0026B907","0x004303F0","KERNEL32.dll","CreateEventW"
"0x0026B919","0x00430198","KERNEL32.dll","GetLastError"
"0x0026B94F","0x004303F0","KERNEL32.dll","CreateEventW"
"0x0026B964","0x00430198","KERNEL32.dll","GetLastError"
"0x0026B9BF","0x00430198","KERNEL32.dll","GetLastError"
"0x0026B9DD","0x004301F8","KERNEL32.dll","CloseHandle"
"0x0026B9EC","0x004301F8","KERNEL32.dll","CloseHandle"
"0x0026BA0F","0x00430218","KERNEL32.dll","WaitForSingleObject"
"0x0026BA18","0x004301F8","KERNEL32.dll","CloseHandle"
"0x0026BA9D","0x004301A8","KERNEL32.dll","EnterCriticalSection"
"0x0026BAE6","0x004301F8","KERNEL32.dll","CloseHandle"
"0x00272D01","0x00430878","WS2_32.dll","ORDINAL_111"
"0x0027360F","0x00430220","KERNEL32.dll","SetWaitableTimer"
"0x00274340","0x004303D0","KERNEL32.dll","SetEvent"
"0x00274363","0x004303D0","KERNEL32.dll","SetEvent"
"0x00274371","0x004303E0","KERNEL32.dll","SleepEx"
"0x00277D76","0x004308C8","WS2_32.dll","ORDINAL_116"
"0x002796D3","0x004308C8","WS2_32.dll","ORDINAL_116"
"0x0027BAAA","0x00430100","CRYPT32.dll","CertOpenSystemStoreA"
"0x0027BAD3","0x004300E8","CRYPT32.dll","CertEnumCertificatesInStore"
"0x0027BB20","0x004300E8","CRYPT32.dll","CertEnumCertificatesInStore"
"0x0027BB36","0x004300F0","CRYPT32.dll","CertFreeCertificateContext"
"0x0027BB41","0x004300F8","CRYPT32.dll","CertCloseStore"
"0x0027CB06","0x00430880","WS2_32.dll","ORDINAL_112"
"0x0027CB27","0x00430820","WS2_32.dll","ORDINAL_18"
"0x0027CB37","0x00430878","WS2_32.dll","ORDINAL_111"
"0x0027CC1E","0x00430880","WS2_32.dll","ORDINAL_112"
"0x0027CC44","0x00430820","WS2_32.dll","ORDINAL_18"
"0x0027CC54","0x00430878","WS2_32.dll","ORDINAL_111"
"0x0027CD7E","0x00430880","WS2_32.dll","ORDINAL_112"
"0x0027CDA3","0x00430820","WS2_32.dll","ORDINAL_18"
"0x0027CDB3","0x00430878","WS2_32.dll","ORDINAL_111"
"0x0027CE80","0x00430880","WS2_32.dll","ORDINAL_112"
"0x0027CEC0","0x00430870","WS2_32.dll","WSARecv"
"0x0027CED0","0x00430878","WS2_32.dll","ORDINAL_111"
"0x0027D08A","0x00430880","WS2_32.dll","ORDINAL_112"
"0x0027D09E","0x00430810","WS2_32.dll","getaddrinfo"
"0x0027D387","0x00430808","WS2_32.dll","freeaddrinfo"
"0x0027D410","0x00430880","WS2_32.dll","ORDINAL_112"
"0x0027D440","0x00430868","WS2_32.dll","WSASend"
"0x0027D450","0x00430878","WS2_32.dll","ORDINAL_111"
"0x0027D700","0x00430880","WS2_32.dll","ORDINAL_112"
"0x0027D72B","0x00430828","WS2_32.dll","ORDINAL_7"
"0x0027D73B","0x00430878","WS2_32.dll","ORDINAL_111"
"0x00283D8D","0x004303F8","KERNEL32.dll","IsBadReadPtr"
"0x00284FCE","0x00430400","KERNEL32.dll","IsBadWritePtr"
"0x00285DE9","0x00430050","ADVAPI32.dll","RegOpenKeyExA"
"0x00285E63","0x00430088","ADVAPI32.dll","RegEnumValueA"
"0x00285F5B","0x00430058","ADVAPI32.dll","RegCloseKey"
"0x00286AE4","0x004300B8","CFGMGR32.dll","CM_Get_DevNode_Status"
"0x00286C6D","0x00430098","CFGMGR32.dll","CM_Open_DevNode_Key"
"0x00286CA2","0x00430048","ADVAPI32.dll","RegQueryValueExA"
"0x00286CEB","0x00430048","ADVAPI32.dll","RegQueryValueExA"
"0x00286D70","0x00430058","ADVAPI32.dll","RegCloseKey"
"0x00286E58","0x004308F0","ole32.dll","StringFromGUID2"
"0x00286E80","0x004300C8","CFGMGR32.dll","CM_Get_Device_ID_List_SizeW"
"0x00286EB5","0x004300D0","CFGMGR32.dll","CM_Get_Device_ID_ListW"
"0x00286EFB","0x004300A0","CFGMGR32.dll","CM_Locate_DevNodeW"
"0x00286F1B","0x004300B8","CFGMGR32.dll","CM_Get_DevNode_Status"
"0x00286F65","0x004300A8","CFGMGR32.dll","CM_Get_Child"
"0x00286F9D","0x004300D8","CFGMGR32.dll","CM_Get_Device_IDW"
"0x00286FCB","0x004300C0","CFGMGR32.dll","CM_Get_DevNode_PropertyW"
"0x00287018","0x004300B0","CFGMGR32.dll","CM_Get_Sibling"
"0x0028B976","0x00430418","KERNEL32.dll","GetCurrentDirectoryW"
"0x0028B9B2","0x00430418","KERNEL32.dll","GetCurrentDirectoryW"
"0x0028B9BC","0x00430198","KERNEL32.dll","GetLastError"
"0x0028BA5A","0x00430410","KERNEL32.dll","SetCurrentDirectoryW"
"0x0028BA64","0x00430198","KERNEL32.dll","GetLastError"
"0x0028BAA8","0x00430428","KERNEL32.dll","FindClose"
"0x0028BBEB","0x00430430","KERNEL32.dll","FindFirstFileW"
"0x0028BBFF","0x00430198","KERNEL32.dll","GetLastError"
"0x0028BC0A","0x00430198","KERNEL32.dll","GetLastError"
"0x0028BC15","0x00430198","KERNEL32.dll","GetLastError"
"0x0028BDCA","0x00430438","KERNEL32.dll","FindNextFileW"
"0x0028BDD4","0x00430198","KERNEL32.dll","GetLastError"
"0x0028BDE7","0x00430428","KERNEL32.dll","FindClose"
"0x0028C455","0x00430198","KERNEL32.dll","GetLastError"
"0x0028C49E","0x00430198","KERNEL32.dll","GetLastError"
"0x0028C643","0x00430488","KERNEL32.dll","LCMapStringW"
"0x0028C681","0x00430488","KERNEL32.dll","LCMapStringW"
"0x0028CA10","0x00430448","KERNEL32.dll","GetFileAttributesExW"
"0x0028CA1A","0x00430198","KERNEL32.dll","GetLastError"
"0x0028CACC","0x00430340","KERNEL32.dll","CreateFileW"
"0x0028CB1F","0x004302C8","KERNEL32.dll","DeviceIoControl"
"0x0028CB58","0x004301F8","KERNEL32.dll","CloseHandle"
"0x0028CC24","0x00430340","KERNEL32.dll","CreateFileW"
"0x0028CC68","0x00430198","KERNEL32.dll","GetLastError"
"0x0028CC97","0x00430450","KERNEL32.dll","GetFileTime"
"0x0028CCA1","0x00430198","KERNEL32.dll","GetLastError"
"0x0028CD06","0x004301F8","KERNEL32.dll","CloseHandle"
"0x0028CE77","0x00430198","KERNEL32.dll","GetLastError"
"0x0028CFAF","0x00430440","KERNEL32.dll","GetFileAttributesW"
"0x0028D129","0x00430420","KERNEL32.dll","DeleteFileW"
"0x0028D133","0x00430198","KERNEL32.dll","GetLastError"
"0x0028D15F","0x00430198","KERNEL32.dll","GetLastError"
"0x0028D198","0x00430460","KERNEL32.dll","RemoveDirectoryW"
"0x0028D1A2","0x00430198","KERNEL32.dll","GetLastError"
"0x0028D1CE","0x00430198","KERNEL32.dll","GetLastError"
"0x0028D242","0x00430480","KERNEL32.dll","MoveFileExW"
"0x0028D24C","0x00430198","KERNEL32.dll","GetLastError"
"0x0028D397","0x00430440","KERNEL32.dll","GetFileAttributesW"
"0x0028D43A","0x00430340","KERNEL32.dll","CreateFileW"
"0x0028D4B2","0x004301F8","KERNEL32.dll","CloseHandle"
"0x0028D4BE","0x004301F8","KERNEL32.dll","CloseHandle"
"0x0028DB3A","0x00430490","KERNEL32.dll","AreFileApisANSI"
"0x0028DB6E","0x004302A0","KERNEL32.dll","MultiByteToWideChar"
"0x0028DBC5","0x00430490","KERNEL32.dll","AreFileApisANSI"
"0x0028DC08","0x00430258","KERNEL32.dll","WideCharToMultiByte"
"0x0029254D","0x00430558","KERNEL32.dll","FormatMessageA"
"0x0029259C","0x00430540","KERNEL32.dll","LocalFree"
"0x002926E9","0x00430540","KERNEL32.dll","LocalFree"
"0x002956AC","0x00430200","KERNEL32.dll","SetLastError"
"0x0029A742","0x00430200","KERNEL32.dll","SetLastError"
"0x002A01FF","0x00430200","KERNEL32.dll","SetLastError"
"0x002A0B79","0x00430200","KERNEL32.dll","SetLastError"
"0x002A8CCA","0x00430200","KERNEL32.dll","SetLastError"
"0x002A90F2","0x00430200","KERNEL32.dll","SetLastError"
"0x002B140B","0x00430200","KERNEL32.dll","SetLastError"
"0x002B1733","0x00430200","KERNEL32.dll","SetLastError"
"0x002B41FC","0x00430200","KERNEL32.dll","SetLastError"
"0x002B6F52","0x00430200","KERNEL32.dll","SetLastError"
"0x002B7B53","0x00430200","KERNEL32.dll","SetLastError"
"0x002B7C63","0x00430200","KERNEL32.dll","SetLastError"
"0x002B7D23","0x00430200","KERNEL32.dll","SetLastError"
"0x002C09CD","0x00430300","KERNEL32.dll","GetSystemTime"
"0x002C09DD","0x00430308","KERNEL32.dll","SystemTimeToFileTime"
"0x002C0F06","0x00430300","KERNEL32.dll","GetSystemTime"
"0x002C0F16","0x00430308","KERNEL32.dll","SystemTimeToFileTime"
"0x002C1D16","0x004304E0","KERNEL32.dll","GetCurrentThreadId"
"0x002C20CC","0x00430378","KERNEL32.dll","GetModuleHandleW"
"0x002C20E1","0x004301E8","KERNEL32.dll","GetProcAddress"
"0x002C210B","0x00430780","USER32.dll","GetProcessWindowStation"
"0x002C2133","0x00430788","USER32.dll","GetUserObjectInformationW"
"0x002C2141","0x00430198","KERNEL32.dll","GetLastError"
"0x002C21AE","0x00430788","USER32.dll","GetUserObjectInformationW"
"0x002C2264","0x00430318","KERNEL32.dll","GetStdHandle"
"0x002C2275","0x00430560","KERNEL32.dll","GetFileType"
"0x002C22D7","0x00430320","KERNEL32.dll","WriteFile"
"0x002C2342","0x004302A0","KERNEL32.dll","MultiByteToWideChar"
"0x002C2442","0x00430000","ADVAPI32.dll","RegisterEventSourceW"
"0x002C2484","0x00430008","ADVAPI32.dll","ReportEventW"
"0x002C248D","0x00430060","ADVAPI32.dll","DeregisterEventSource"
"0x002C24A6","0x00430790","USER32.dll","MessageBoxW"
"0x002D2878","0x00430880","WS2_32.dll","ORDINAL_112"
"0x002D288B","0x00430800","WS2_32.dll","ORDINAL_16"
"0x002D2AD4","0x004307F0","WS2_32.dll","ORDINAL_22"
"0x002D2ADE","0x004308B8","WS2_32.dll","ORDINAL_3"
"0x002D2B23","0x00430880","WS2_32.dll","ORDINAL_112"
"0x002D2B36","0x004307F8","WS2_32.dll","ORDINAL_19"
"0x002D2B95","0x00430878","WS2_32.dll","ORDINAL_111"
"0x002E24F1","0x00430198","KERNEL32.dll","GetLastError"
"0x002E27F6","0x00430198","KERNEL32.dll","GetLastError"
"0x002E2A8F","0x00430198","KERNEL32.dll","GetLastError"
"0x002E2C2A","0x004302A0","KERNEL32.dll","MultiByteToWideChar"
"0x002E2C36","0x00430198","KERNEL32.dll","GetLastError"
"0x002E2C5D","0x004302A0","KERNEL32.dll","MultiByteToWideChar"
"0x002E2C69","0x00430198","KERNEL32.dll","GetLastError"
"0x002E2CCE","0x004302A0","KERNEL32.dll","MultiByteToWideChar"
"0x002E2D1E","0x004302A0","KERNEL32.dll","MultiByteToWideChar"
"0x0032CE26","0x00430318","KERNEL32.dll","GetStdHandle"
"0x0032CE2F","0x00430568","KERNEL32.dll","FlushConsoleInputBuffer"
"0x003381FB","0x00430580","KERNEL32.dll","LoadLibraryW"
"0x0033820B","0x00430580","KERNEL32.dll","LoadLibraryW"
"0x0033821D","0x00430580","KERNEL32.dll","LoadLibraryW"
"0x00338241","0x004301E8","KERNEL32.dll","GetProcAddress"
"0x00338254","0x004301E8","KERNEL32.dll","GetProcAddress"
"0x003382EF","0x004302A8","KERNEL32.dll","FreeLibrary"
"0x00338304","0x004301E8","KERNEL32.dll","GetProcAddress"
"0x00338317","0x004301E8","KERNEL32.dll","GetProcAddress"
"0x0033832A","0x004301E8","KERNEL32.dll","GetProcAddress"
"0x00338438","0x004302A8","KERNEL32.dll","FreeLibrary"
"0x00338452","0x00430580","KERNEL32.dll","LoadLibraryW"
"0x0033846E","0x004301E8","KERNEL32.dll","GetProcAddress"
"0x00338481","0x004301E8","KERNEL32.dll","GetProcAddress"
"0x00338494","0x004301E8","KERNEL32.dll","GetProcAddress"
"0x00338521","0x004302A8","KERNEL32.dll","FreeLibrary"
"0x00338543","0x004301E8","KERNEL32.dll","GetProcAddress"
"0x00338556","0x004301E8","KERNEL32.dll","GetProcAddress"
"0x0033856E","0x004301E8","KERNEL32.dll","GetProcAddress"
"0x00338589","0x004301E8","KERNEL32.dll","GetProcAddress"
"0x003385A4","0x004301E8","KERNEL32.dll","GetProcAddress"
"0x003385B7","0x004301E8","KERNEL32.dll","GetProcAddress"
"0x003385D4","0x004301E8","KERNEL32.dll","GetProcAddress"
"0x003385EE","0x004301E8","KERNEL32.dll","GetProcAddress"
"0x00338608","0x004301E8","KERNEL32.dll","GetProcAddress"
"0x00338622","0x004301E8","KERNEL32.dll","GetProcAddress"
"0x0033863C","0x004301E8","KERNEL32.dll","GetProcAddress"
"0x00338653","0x004301E8","KERNEL32.dll","GetProcAddress"
"0x00338721","0x00430570","KERNEL32.dll","GetTickCount"
"0x0033883B","0x00430570","KERNEL32.dll","GetTickCount"
"0x003388A5","0x00430570","KERNEL32.dll","GetTickCount"
"0x003388D4","0x00430570","KERNEL32.dll","GetTickCount"
"0x0033893E","0x00430570","KERNEL32.dll","GetTickCount"
"0x00338962","0x00430570","KERNEL32.dll","GetTickCount"
"0x003389CE","0x00430570","KERNEL32.dll","GetTickCount"
"0x003389F2","0x00430570","KERNEL32.dll","GetTickCount"
"0x00338A42","0x00430570","KERNEL32.dll","GetTickCount"
"0x00338A65","0x004301F8","KERNEL32.dll","CloseHandle"
"0x00338A70","0x004302A8","KERNEL32.dll","FreeLibrary"
"0x00338A83","0x00430578","KERNEL32.dll","GlobalMemoryStatus"
"0x00338AA3","0x00430350","KERNEL32.dll","GetCurrentProcessId"
"0x00338B2B","0x004304A0","KERNEL32.dll","QueryPerformanceCounter"
"0x00338B58","0x00430570","KERNEL32.dll","GetTickCount"
"0x003483D9","0x004302C0","KERNEL32.dll","LoadLibraryA"
"0x003484A4","0x004302A8","KERNEL32.dll","FreeLibrary"
"0x0034856A","0x004302A8","KERNEL32.dll","FreeLibrary"
"0x00348658","0x004301E8","KERNEL32.dll","GetProcAddress"
"0x00348768","0x004301E8","KERNEL32.dll","GetProcAddress"
"0x00348BB4","0x00430580","KERNEL32.dll","LoadLibraryW"
"0x00348BFC","0x004301E8","KERNEL32.dll","GetProcAddress"
"0x00348C0D","0x004302A8","KERNEL32.dll","FreeLibrary"
"0x00348C52","0x004301E8","KERNEL32.dll","GetProcAddress"
"0x00348C65","0x004301E8","KERNEL32.dll","GetProcAddress"
"0x00348C81","0x004302A8","KERNEL32.dll","FreeLibrary"
"0x00348CC8","0x004301F8","KERNEL32.dll","CloseHandle"
"0x00348CD1","0x004302A8","KERNEL32.dll","FreeLibrary"
"0x00348D27","0x004301F8","KERNEL32.dll","CloseHandle"
"0x00348D30","0x004302A8","KERNEL32.dll","FreeLibrary"
"0x00348D71","0x004301F8","KERNEL32.dll","CloseHandle"
"0x00348D7A","0x004302A8","KERNEL32.dll","FreeLibrary"
"0x00348E0C","0x00430580","KERNEL32.dll","LoadLibraryW"
"0x00348E53","0x004301E8","KERNEL32.dll","GetProcAddress"
"0x00348E64","0x004302A8","KERNEL32.dll","FreeLibrary"
"0x00348EB0","0x004301E8","KERNEL32.dll","GetProcAddress"
"0x00348EC3","0x004301E8","KERNEL32.dll","GetProcAddress"
"0x00348EDF","0x004302A8","KERNEL32.dll","FreeLibrary"
"0x00348F26","0x004301F8","KERNEL32.dll","CloseHandle"
"0x00348F2F","0x004302A8","KERNEL32.dll","FreeLibrary"
"0x00348F48","0x004301E8","KERNEL32.dll","GetProcAddress"
"0x00348F68","0x004301F8","KERNEL32.dll","CloseHandle"
"0x00348F71","0x004302A8","KERNEL32.dll","FreeLibrary"
"0x00348F7B","0x004301F8","KERNEL32.dll","CloseHandle"
"0x00348F84","0x004302A8","KERNEL32.dll","FreeLibrary"
"0x00368C07","0x004308C8","WS2_32.dll","ORDINAL_116"
"0x00368F53","0x004308D0","WS2_32.dll","ORDINAL_115"
"0x00368F8B","0x004308C8","WS2_32.dll","ORDINAL_116"
"0x0036DEB0","0x004302A8","KERNEL32.dll","FreeLibrary"
"0x0036DF2B","0x004301F0","KERNEL32.dll","VerSetConditionMask"
"0x0036DF3C","0x004301F0","KERNEL32.dll","VerSetConditionMask"
"0x0036DF4D","0x004301F0","KERNEL32.dll","VerSetConditionMask"
"0x0036DF5E","0x004301F0","KERNEL32.dll","VerSetConditionMask"
"0x0036DF6F","0x004301F0","KERNEL32.dll","VerSetConditionMask"
"0x0036DF82","0x00430250","KERNEL32.dll","VerifyVersionInfoA"
"0x0036DFD2","0x004301E8","KERNEL32.dll","GetProcAddress"
"0x0036E0A4","0x00430570","KERNEL32.dll","GetTickCount"
"0x00376694","0x00430880","WS2_32.dll","ORDINAL_112"
"0x00376812","0x00430880","WS2_32.dll","ORDINAL_112"
"0x00376820","0x00430348","KERNEL32.dll","Sleep"
"0x003768CE","0x00430820","WS2_32.dll","ORDINAL_18"
"0x003768D9","0x00430878","WS2_32.dll","ORDINAL_111"
"0x003769E4","0x00430348","KERNEL32.dll","Sleep"
"0x00376A5E","0x00430880","WS2_32.dll","ORDINAL_112"
"0x00376A71","0x00430348","KERNEL32.dll","Sleep"
"0x00376C45","0x00430820","WS2_32.dll","ORDINAL_18"
"0x00376C50","0x00430878","WS2_32.dll","ORDINAL_111"
"0x00376D9F","0x00430880","WS2_32.dll","ORDINAL_112"
"0x00376DAD","0x00430348","KERNEL32.dll","Sleep"
"0x0037741F","0x00430800","WS2_32.dll","ORDINAL_16"
"0x0037742E","0x00430878","WS2_32.dll","ORDINAL_111"
"0x003774AB","0x00430800","WS2_32.dll","ORDINAL_16"
"0x003774C5","0x00430878","WS2_32.dll","ORDINAL_111"
"0x0037755A","0x004307F8","WS2_32.dll","ORDINAL_19"
"0x00377574","0x00430878","WS2_32.dll","ORDINAL_111"
"0x00377695","0x004307F8","WS2_32.dll","ORDINAL_19"
"0x003776A4","0x00430878","WS2_32.dll","ORDINAL_111"
"0x00377912","0x00430800","WS2_32.dll","ORDINAL_16"
"0x00377A1D","0x004308B8","WS2_32.dll","ORDINAL_3"
"0x00377C82","0x00430800","WS2_32.dll","ORDINAL_16"
"0x00377E5F","0x00430880","WS2_32.dll","ORDINAL_112"
"0x00377F3F","0x004303E0","KERNEL32.dll","SleepEx"
"0x00377F62","0x00430828","WS2_32.dll","ORDINAL_7"
"0x00377F6C","0x00430878","WS2_32.dll","ORDINAL_111"
"0x00378260","0x004301F0","KERNEL32.dll","VerSetConditionMask"
"0x00378271","0x004301F0","KERNEL32.dll","VerSetConditionMask"
"0x00378282","0x004301F0","KERNEL32.dll","VerSetConditionMask"
"0x00378293","0x004301F0","KERNEL32.dll","VerSetConditionMask"
"0x003782A6","0x00430250","KERNEL32.dll","VerifyVersionInfoA"
"0x003782EA","0x00430828","WS2_32.dll","ORDINAL_7"
"0x00378319","0x00430888","WS2_32.dll","ORDINAL_21"
"0x00378374","0x00430888","WS2_32.dll","ORDINAL_21"
"0x0037837E","0x00430878","WS2_32.dll","ORDINAL_111"
"0x0037851C","0x004307E0","WS2_32.dll","ORDINAL_5"
"0x00378526","0x00430878","WS2_32.dll","ORDINAL_111"
"0x00378579","0x00430830","WS2_32.dll","ORDINAL_6"
"0x00378583","0x00430878","WS2_32.dll","ORDINAL_111"
"0x003785D1","0x00430198","KERNEL32.dll","GetLastError"
"0x0037864C","0x00430198","KERNEL32.dll","GetLastError"
"0x0037896B","0x004308A0","WS2_32.dll","ORDINAL_9"
"0x003789B4","0x004308A0","WS2_32.dll","ORDINAL_9"
"0x003789D2","0x004308A0","WS2_32.dll","ORDINAL_9"
"0x003789F3","0x004308C0","WS2_32.dll","ORDINAL_2"
"0x00378A25","0x00430818","WS2_32.dll","ORDINAL_15"
"0x00378A3B","0x004308C0","WS2_32.dll","ORDINAL_2"
"0x00378A6A","0x00430830","WS2_32.dll","ORDINAL_6"
"0x00378A74","0x00430878","WS2_32.dll","ORDINAL_111"
"0x00378AAB","0x00430878","WS2_32.dll","ORDINAL_111"
"0x00378B9D","0x00430818","WS2_32.dll","ORDINAL_15"
"0x00378C92","0x004308D8","WS2_32.dll","ORDINAL_23"
"0x00378CF1","0x00430818","WS2_32.dll","ORDINAL_15"
"0x00378E4A","0x00430838","WS2_32.dll","ORDINAL_4"
"0x00378E5E","0x00430878","WS2_32.dll","ORDINAL_111"
"0x00378EE9","0x00430198","KERNEL32.dll","GetLastError"
"0x00378F9E","0x00430888","WS2_32.dll","ORDINAL_21"
"0x00379029","0x004308E0","WS2_32.dll","WSAIoctl"
"0x00379033","0x00430878","WS2_32.dll","ORDINAL_111"
"0x003791A4","0x004303E0","KERNEL32.dll","SleepEx"
"0x003791C7","0x00430828","WS2_32.dll","ORDINAL_7"
"0x003791D1","0x00430878","WS2_32.dll","ORDINAL_111"
"0x00381C06","0x00430198","KERNEL32.dll","GetLastError"
"0x00381C10","0x00430200","KERNEL32.dll","SetLastError"
"0x00381C2B","0x00430198","KERNEL32.dll","GetLastError"
"0x00381C39","0x00430200","KERNEL32.dll","SetLastError"
"0x00383654","0x004301E0","KERNEL32.dll","GetModuleHandleA"
"0x00383679","0x004301E8","KERNEL32.dll","GetProcAddress"
"0x003836B7","0x004302C0","KERNEL32.dll","LoadLibraryA"
"0x003836DC","0x004301E8","KERNEL32.dll","GetProcAddress"
"0x0038370E","0x004302E8","KERNEL32.dll","GetSystemDirectoryA"
"0x00383753","0x004302E8","KERNEL32.dll","GetSystemDirectoryA"
"0x003837B1","0x004302C0","KERNEL32.dll","LoadLibraryA"
"0x00383852","0x00430810","WS2_32.dll","getaddrinfo"
"0x00383991","0x00430808","WS2_32.dll","freeaddrinfo"
"0x003839DD","0x00430880","WS2_32.dll","ORDINAL_112"
"0x00383B16","0x004308A0","WS2_32.dll","ORDINAL_9"
"0x00383E5C","0x004308D8","WS2_32.dll","ORDINAL_23"
"0x00383EC9","0x00430200","KERNEL32.dll","SetLastError"
"0x00383FA9","0x00430200","KERNEL32.dll","SetLastError"
"0x00384207","0x00430200","KERNEL32.dll","SetLastError"
"0x003842F1","0x00430010","ADVAPI32.dll","CryptAcquireContextA"
"0x00384305","0x00430020","ADVAPI32.dll","CryptGenRandom"
"0x00384316","0x00430018","ADVAPI32.dll","CryptReleaseContext"
"0x0038432C","0x00430018","ADVAPI32.dll","CryptReleaseContext"
"0x00384765","0x00430878","WS2_32.dll","ORDINAL_111"
"0x00385965","0x004301F0","KERNEL32.dll","VerSetConditionMask"
"0x00385976","0x004301F0","KERNEL32.dll","VerSetConditionMask"
"0x00385987","0x004301F0","KERNEL32.dll","VerSetConditionMask"
"0x00385998","0x004301F0","KERNEL32.dll","VerSetConditionMask"
"0x003859AB","0x00430250","KERNEL32.dll","VerifyVersionInfoA"
"0x00385D58","0x00430878","WS2_32.dll","ORDINAL_111"
"0x00385E0C","0x00430010","ADVAPI32.dll","CryptAcquireContextA"
"0x00385E2D","0x00430030","ADVAPI32.dll","CryptCreateHash"
"0x00385E80","0x00430028","ADVAPI32.dll","CryptGetHashParam"
"0x00385EA6","0x00430028","ADVAPI32.dll","CryptGetHashParam"
"0x00385EB5","0x00430040","ADVAPI32.dll","CryptDestroyHash"
"0x00385EC5","0x00430018","ADVAPI32.dll","CryptReleaseContext"
"0x00386366","0x004302E0","KERNEL32.dll","ExpandEnvironmentStringsA"
"0x00388A50","0x00430198","KERNEL32.dll","GetLastError"
"0x00388E2A","0x00430558","KERNEL32.dll","FormatMessageA"
"0x00388FAC","0x00430198","KERNEL32.dll","GetLastError"
"0x00388FB8","0x00430200","KERNEL32.dll","SetLastError"
"0x003891F4","0x00430198","KERNEL32.dll","GetLastError"
"0x00389261","0x00430558","KERNEL32.dll","FormatMessageA"
"0x003892CF","0x00430198","KERNEL32.dll","GetLastError"
"0x003892DB","0x00430200","KERNEL32.dll","SetLastError"
"0x00389BA9","0x004308B0","WS2_32.dll","ORDINAL_10"
"0x0038C4E2","0x004308A0","WS2_32.dll","ORDINAL_9"
"0x0038C5F3","0x00430818","WS2_32.dll","ORDINAL_15"
"0x0038CAFD","0x004308A0","WS2_32.dll","ORDINAL_9"
"0x0038CC49","0x00430818","WS2_32.dll","ORDINAL_15"
"0x0039008B","0x00430378","KERNEL32.dll","GetModuleHandleW"
"0x003900A8","0x004301E8","KERNEL32.dll","GetProcAddress"
"0x003900C4","0x004301E8","KERNEL32.dll","GetProcAddress"
"0x0039011A","0x004306A0","KERNEL32.dll","VirtualQuery"
"0x00390136","0x004304C0","KERNEL32.dll","GetSystemInfo"
"0x0039029B","0x00430368","KERNEL32.dll","VirtualProtect"
"0x0039040A","0x004306A8","KERNEL32.dll","RaiseException"
"0x003904B7","0x004302F0","KERNEL32.dll","LoadLibraryExA"
"0x003904C5","0x00430198","KERNEL32.dll","GetLastError"
"0x00390512","0x004306A8","KERNEL32.dll","RaiseException"
"0x00390530","0x004302A8","KERNEL32.dll","FreeLibrary"
"0x003905A3","0x004301E8","KERNEL32.dll","GetProcAddress"
"0x003905B1","0x00430198","KERNEL32.dll","GetLastError"
"0x003905FE","0x004306A8","KERNEL32.dll","RaiseException"
"0x0039136E","0x00430288","KERNEL32.dll","GetCurrentProcess"
"0x00391377","0x004301C8","KERNEL32.dll","GetCurrentThread"
"0x00391380","0x00430288","KERNEL32.dll","GetCurrentProcess"
"0x003913A7","0x004306B0","KERNEL32.dll","DuplicateHandle"
"0x003913B4","0x004301F8","KERNEL32.dll","CloseHandle"
"0x003913C0","0x004304E0","KERNEL32.dll","GetCurrentThreadId"
"0x003913E3","0x004301F8","KERNEL32.dll","CloseHandle"
"0x0039140D","0x004304C8","KERNEL32.dll","GetNativeSystemInfo"
"0x00391435","0x00430260","KERNEL32.dll","WaitForSingleObjectEx"
"0x00391448","0x004306B8","KERNEL32.dll","GetExitCodeThread"
"0x00391460","0x004301F8","KERNEL32.dll","CloseHandle"
"0x003914BA","0x00430348","KERNEL32.dll","Sleep"
"0x0039153D","0x004304A0","KERNEL32.dll","QueryPerformanceCounter"
"0x00391559","0x00430498","KERNEL32.dll","QueryPerformanceFrequency"
"0x003917E7","0x004304E0","KERNEL32.dll","GetCurrentThreadId"
"0x00391808","0x004304E0","KERNEL32.dll","GetCurrentThreadId"
"0x00391820","0x004304E0","KERNEL32.dll","GetCurrentThreadId"
"0x00391881","0x004304E0","KERNEL32.dll","GetCurrentThreadId"
"0x003918B8","0x004304E0","KERNEL32.dll","GetCurrentThreadId"
"0x0039191A","0x004304E0","KERNEL32.dll","GetCurrentThreadId"
"0x0039195C","0x004304D8","KERNEL32.dll","TryEnterCriticalSection"
"0x003919D0","0x004304E0","KERNEL32.dll","GetCurrentThreadId"
"0x00391AD5","0x004304E0","KERNEL32.dll","GetCurrentThreadId"
"0x003929C7","0x004306C8","KERNEL32.dll","EncodePointer"
"0x00392AD5","0x004306D0","KERNEL32.dll","DecodePointer"
"0x00392EF4","0x004306C0","KERNEL32.dll","RtlPcToFileHeader"
"0x00393278","0x004306D0","KERNEL32.dll","DecodePointer"
"0x00393319","0x004306A8","KERNEL32.dll","RaiseException"
"0x00393608","0x00430258","KERNEL32.dll","WideCharToMultiByte"
"0x003936D4","0x004306D8","KERNEL32.dll","QueueUserWorkItem"
"0x003941F9","0x004302A0","KERNEL32.dll","MultiByteToWideChar"
"0x0039427B","0x004302A0","KERNEL32.dll","MultiByteToWideChar"
"0x003942B5","0x004302A0","KERNEL32.dll","MultiByteToWideChar"
"0x00394D48","0x004302A0","KERNEL32.dll","MultiByteToWideChar"
"0x00394E09","0x004302A0","KERNEL32.dll","MultiByteToWideChar"
"0x00394F60","0x00430258","KERNEL32.dll","WideCharToMultiByte"
"0x00394FDE","0x004306C8","KERNEL32.dll","EncodePointer"
"0x00395011","0x00430378","KERNEL32.dll","GetModuleHandleW"
"0x00395024","0x004301E8","KERNEL32.dll","GetProcAddress"
"0x00395042","0x004301E8","KERNEL32.dll","GetProcAddress"
"0x00395060","0x004301E8","KERNEL32.dll","GetProcAddress"
"0x0039507E","0x004301E8","KERNEL32.dll","GetProcAddress"
"0x0039509C","0x004301E8","KERNEL32.dll","GetProcAddress"
"0x003950BA","0x004301E8","KERNEL32.dll","GetProcAddress"
"0x003950D8","0x004301E8","KERNEL32.dll","GetProcAddress"
"0x003950F6","0x004301E8","KERNEL32.dll","GetProcAddress"
"0x00395114","0x004301E8","KERNEL32.dll","GetProcAddress"
"0x00395132","0x004301E8","KERNEL32.dll","GetProcAddress"
"0x00395150","0x004301E8","KERNEL32.dll","GetProcAddress"
"0x0039516E","0x004301E8","KERNEL32.dll","GetProcAddress"
"0x0039518C","0x004301E8","KERNEL32.dll","GetProcAddress"
"0x003951AA","0x004301E8","KERNEL32.dll","GetProcAddress"
"0x003951C8","0x004301E8","KERNEL32.dll","GetProcAddress"
"0x003951E6","0x004301E8","KERNEL32.dll","GetProcAddress"
"0x00395204","0x004301E8","KERNEL32.dll","GetProcAddress"
"0x00395222","0x004301E8","KERNEL32.dll","GetProcAddress"
"0x00395240","0x004301E8","KERNEL32.dll","GetProcAddress"
"0x0039525E","0x004301E8","KERNEL32.dll","GetProcAddress"
"0x0039527C","0x004301E8","KERNEL32.dll","GetProcAddress"
"0x0039529A","0x004301E8","KERNEL32.dll","GetProcAddress"
"0x003952B8","0x004301E8","KERNEL32.dll","GetProcAddress"
"0x003952D6","0x004301E8","KERNEL32.dll","GetProcAddress"
"0x003952F4","0x004301E8","KERNEL32.dll","GetProcAddress"
"0x00395312","0x004301E8","KERNEL32.dll","GetProcAddress"
"0x00395330","0x004301E8","KERNEL32.dll","GetProcAddress"
"0x0039534E","0x004301E8","KERNEL32.dll","GetProcAddress"
"0x0039536C","0x004301E8","KERNEL32.dll","GetProcAddress"
"0x0039538A","0x004301E8","KERNEL32.dll","GetProcAddress"
"0x003953A8","0x004301E8","KERNEL32.dll","GetProcAddress"
"0x003953C6","0x004301E8","KERNEL32.dll","GetProcAddress"
"0x003953E4","0x004301E8","KERNEL32.dll","GetProcAddress"
"0x00395402","0x004301E8","KERNEL32.dll","GetProcAddress"
"0x00395420","0x004301E8","KERNEL32.dll","GetProcAddress"
"0x0039543E","0x004301E8","KERNEL32.dll","GetProcAddress"
"0x0039545C","0x004301E8","KERNEL32.dll","GetProcAddress"
"0x0039547A","0x004301E8","KERNEL32.dll","GetProcAddress"
"0x00395498","0x004301E8","KERNEL32.dll","GetProcAddress"
"0x003954B6","0x004301E8","KERNEL32.dll","GetProcAddress"
"0x0039560D","0x004303F0","KERNEL32.dll","CreateEventW"
"0x003958B0","0x00430270","KERNEL32.dll","GetSystemTimeAsFileTime"
"0x003958ED","0x00430570","KERNEL32.dll","GetTickCount"
"0x00395974","0x004301B8","KERNEL32.dll","InitializeCriticalSectionAndSpinCount"
"0x00395D65","0x004306E8","KERNEL32.dll","GetCPInfo"
"0x00395DEC","0x004302A0","KERNEL32.dll","MultiByteToWideChar"
"0x00395EAC","0x004302A0","KERNEL32.dll","MultiByteToWideChar"
"0x00395ED6","0x004302A0","KERNEL32.dll","MultiByteToWideChar"
"0x00395F8F","0x004302A0","KERNEL32.dll","MultiByteToWideChar"
"0x003B16A7","0x004306F0","KERNEL32.dll","CompareStringW"
"0x003B1756","0x004306F8","KERNEL32.dll","GetLocaleInfoW"
"0x003B1813","0x00430488","KERNEL32.dll","LCMapStringW"
"0x003B1AF3","0x00430700","KERNEL32.dll","GetStringTypeW"
"0x003B1B2C","0x00430700","KERNEL32.dll","GetStringTypeW"
"0x003B1D62","0x00430378","KERNEL32.dll","GetModuleHandleW"
"0x003B1D7E","0x004301E8","KERNEL32.dll","GetProcAddress"
"0x003B1D91","0x004301E8","KERNEL32.dll","GetProcAddress"
"0x003B1DA4","0x004301E8","KERNEL32.dll","GetProcAddress"
"0x003B1E2C","0x004303F0","KERNEL32.dll","CreateEventW"
"0x003B1E63","0x004301C0","KERNEL32.dll","DeleteCriticalSection"
"0x003B1E75","0x004301F8","KERNEL32.dll","CloseHandle"
"0x003B1E90","0x004301A8","KERNEL32.dll","EnterCriticalSection"
"0x003B1EA0","0x004301B0","KERNEL32.dll","LeaveCriticalSection"
"0x003B1EC0","0x004301A8","KERNEL32.dll","EnterCriticalSection"
"0x003B1F00","0x004301B0","KERNEL32.dll","LeaveCriticalSection"
"0x003B1F20","0x004301A8","KERNEL32.dll","EnterCriticalSection"
"0x003B1FBA","0x004303D0","KERNEL32.dll","SetEvent"
"0x003B202F","0x004301B0","KERNEL32.dll","LeaveCriticalSection"
"0x003B2041","0x00430260","KERNEL32.dll","WaitForSingleObjectEx"
"0x003B2050","0x004301A8","KERNEL32.dll","EnterCriticalSection"
"0x003B2AF3","0x00430730","KERNEL32.dll","SetUnhandledExceptionFilter"
"0x003B2AFC","0x00430728","KERNEL32.dll","UnhandledExceptionFilter"
"0x003B2B02","0x00430288","KERNEL32.dll","GetCurrentProcess"
"0x003B2CAD","0x00430710","KERNEL32.dll","RtlCaptureContext"
"0x003B2CC5","0x00430718","KERNEL32.dll","RtlLookupFunctionEntry"
"0x003B2CFC","0x00430720","KERNEL32.dll","RtlVirtualUnwind"
"0x003B2D1B","0x00430710","KERNEL32.dll","RtlCaptureContext"
"0x003B2D35","0x00430718","KERNEL32.dll","RtlLookupFunctionEntry"
"0x003B2D6C","0x00430720","KERNEL32.dll","RtlVirtualUnwind"
"0x003B2E69","0x00430710","KERNEL32.dll","RtlCaptureContext"
"0x003B2E83","0x00430718","KERNEL32.dll","RtlLookupFunctionEntry"
"0x003B2EC4","0x00430720","KERNEL32.dll","RtlVirtualUnwind"
"0x003B2F18","0x00430740","KERNEL32.dll","IsDebuggerPresent"
"0x003B2F39","0x00430730","KERNEL32.dll","SetUnhandledExceptionFilter"
"0x003B2F44","0x00430728","KERNEL32.dll","UnhandledExceptionFilter"
"0x003B2F72","0x00430378","KERNEL32.dll","GetModuleHandleW"
"0x003B30E0","0x00430270","KERNEL32.dll","GetSystemTimeAsFileTime"
"0x003B30EE","0x004304E0","KERNEL32.dll","GetCurrentThreadId"
"0x003B30FA","0x00430350","KERNEL32.dll","GetCurrentProcessId"
"0x003B310A","0x004304A0","KERNEL32.dll","QueryPerformanceCounter"
"0x003B437D","0x00430678","KERNEL32.dll","CreateTimerQueue"
"0x003B5574","0x004303D0","KERNEL32.dll","SetEvent"
"0x003B55F5","0x00430378","KERNEL32.dll","GetModuleHandleW"
"0x003B5608","0x004301E8","KERNEL32.dll","GetProcAddress"
"0x003B561B","0x004301E8","KERNEL32.dll","GetProcAddress"
"0x003B565B","0x00430378","KERNEL32.dll","GetModuleHandleW"
"0x003B566B","0x004301E8","KERNEL32.dll","GetProcAddress"
"0x003B5690","0x00430198","KERNEL32.dll","GetLastError"
"0x003B56C0","0x00430198","KERNEL32.dll","GetLastError"
"0x003B5726","0x00430198","KERNEL32.dll","GetLastError"
"0x003B5793","0x00430640","KERNEL32.dll","DeleteTimerQueueTimer"
"0x003B579D","0x00430198","KERNEL32.dll","GetLastError"
"0x003B5812","0x00430658","KERNEL32.dll","GetLogicalProcessorInformation"
"0x003B5818","0x00430198","KERNEL32.dll","GetLastError"
"0x003B5838","0x00430658","KERNEL32.dll","GetLogicalProcessorInformation"
"0x003B5850","0x00430198","KERNEL32.dll","GetLastError"
"0x003B589C","0x00430198","KERNEL32.dll","GetLastError"
"0x003B58EC","0x00430378","KERNEL32.dll","GetModuleHandleW"
"0x003B58FC","0x004301E8","KERNEL32.dll","GetProcAddress"
"0x003B591B","0x00430198","KERNEL32.dll","GetLastError"
"0x003B596B","0x00430198","KERNEL32.dll","GetLastError"
"0x003B599B","0x00430198","KERNEL32.dll","GetLastError"
"0x003B59E7","0x00430198","KERNEL32.dll","GetLastError"
"0x003B5A21","0x00430638","KERNEL32.dll","GetNumaHighestNodeNumber"
"0x003B5A34","0x00430198","KERNEL32.dll","GetLastError"
"0x003B5AA4","0x00430288","KERNEL32.dll","GetCurrentProcess"
"0x003B5AB7","0x00430630","KERNEL32.dll","GetProcessAffinityMask"
"0x003B5B17","0x004305E0","KERNEL32.dll","RegisterWaitForSingleObject"
"0x003B5B2B","0x00430198","KERNEL32.dll","GetLastError"
"0x003B5BA5","0x004305E8","KERNEL32.dll","SetThreadAffinityMask"
"0x003B5BC4","0x004303C8","KERNEL32.dll","SetThreadPriority"
"0x003B5BD3","0x00430198","KERNEL32.dll","GetLastError"
"0x003B5C20","0x004301D0","KERNEL32.dll","TlsAlloc"
"0x003B5C30","0x00430198","KERNEL32.dll","GetLastError"
"0x003B5C74","0x00430240","KERNEL32.dll","TlsSetValue"
"0x003B5C83","0x00430198","KERNEL32.dll","GetLastError"
"0x003B5D1C","0x004302A8","KERNEL32.dll","FreeLibrary"
"0x003B5D5F","0x00430520","KERNEL32.dll","FreeLibraryAndExitThread"
"0x003B5D83","0x004306C8","KERNEL32.dll","EncodePointer"
"0x003B5D93","0x004301C8","KERNEL32.dll","GetCurrentThread"
"0x003B5DB5","0x004305A0","KERNEL32.dll","GetThreadTimes"
"0x003B5E3B","0x004301E0","KERNEL32.dll","GetModuleHandleA"
"0x003B5E58","0x00430550","KERNEL32.dll","GetModuleFileNameW"
"0x003B5E73","0x00430548","KERNEL32.dll","LoadLibraryExW"
"0x003B5E98","0x00430198","KERNEL32.dll","GetLastError"
"0x003B6503","0x004304B0","KERNEL32.dll","VirtualAlloc"
"0x003B66A5","0x004304B8","KERNEL32.dll","VirtualFree"
"0x003B66B0","0x004301F8","KERNEL32.dll","CloseHandle"
"0x003B6940","0x00430288","KERNEL32.dll","GetCurrentProcess"
"0x003B6957","0x00430630","KERNEL32.dll","GetProcessAffinityMask"
"0x003B6963","0x00430198","KERNEL32.dll","GetLastError"
"0x003B69B0","0x004301C8","KERNEL32.dll","GetCurrentThread"
"0x003B6D8D","0x00430198","KERNEL32.dll","GetLastError"
"0x003B7F5A","0x00430260","KERNEL32.dll","WaitForSingleObjectEx"
"0x003B867B","0x00430368","KERNEL32.dll","VirtualProtect"
"0x003BA005","0x004303D0","KERNEL32.dll","SetEvent"
"0x003BA29E","0x004303D0","KERNEL32.dll","SetEvent"
"0x003BA425","0x004303D0","KERNEL32.dll","SetEvent"
"0x003BA736","0x00430598","KERNEL32.dll","GetVersionExW"
"0x003BADB8","0x004303D0","KERNEL32.dll","SetEvent"
"0x003BB046","0x00430708","KERNEL32.dll","InitializeSListHead"
"0x003BB050","0x00430708","KERNEL32.dll","InitializeSListHead"
"0x003BB2B1","0x00430708","KERNEL32.dll","InitializeSListHead"
"0x003BB2BE","0x00430708","KERNEL32.dll","InitializeSListHead"
"0x003BB2CB","0x00430708","KERNEL32.dll","InitializeSListHead"
"0x003BB2D8","0x00430708","KERNEL32.dll","InitializeSListHead"
"0x003BB375","0x004305E0","KERNEL32.dll","RegisterWaitForSingleObject"
"0x003BB37F","0x00430198","KERNEL32.dll","GetLastError"
"0x003BB3E0","0x00430198","KERNEL32.dll","GetLastError"
"0x003BB441","0x00430198","KERNEL32.dll","GetLastError"
"0x003BB550","0x00430190","KERNEL32.dll","InterlockedFlushSList"
"0x003BB57C","0x00430190","KERNEL32.dll","InterlockedFlushSList"
"0x003BB643","0x00430190","KERNEL32.dll","InterlockedFlushSList"
"0x003BB67F","0x00430190","KERNEL32.dll","InterlockedFlushSList"
"0x003BC737","0x004303D0","KERNEL32.dll","SetEvent"
"0x003BC7BC","0x00430180","KERNEL32.dll","UnregisterWaitEx"
"0x003BC7F3","0x004301F8","KERNEL32.dll","CloseHandle"
"0x003BC972","0x004301F8","KERNEL32.dll","CloseHandle"
"0x003BC9CA","0x00430190","KERNEL32.dll","InterlockedFlushSList"
"0x003BCA18","0x00430190","KERNEL32.dll","InterlockedFlushSList"
"0x003BCA9D","0x004303D0","KERNEL32.dll","SetEvent"
"0x003BCAA7","0x004301F8","KERNEL32.dll","CloseHandle"
"0x003BD34A","0x00430590","KERNEL32.dll","InterlockedPopEntrySList"
"0x003BD3EC","0x00430590","KERNEL32.dll","InterlockedPopEntrySList"
"0x003BD450","0x00430590","KERNEL32.dll","InterlockedPopEntrySList"
"0x003BD6D7","0x00430590","KERNEL32.dll","InterlockedPopEntrySList"
"0x003BD774","0x00430590","KERNEL32.dll","InterlockedPopEntrySList"
"0x003BDEC3","0x00430198","KERNEL32.dll","GetLastError"
"0x003BE054","0x00430590","KERNEL32.dll","InterlockedPopEntrySList"
"0x003BE356","0x00430588","KERNEL32.dll","InterlockedPushEntrySList"
"0x003BE37D","0x00430588","KERNEL32.dll","InterlockedPushEntrySList"
"0x003BE7E9","0x00430268","KERNEL32.dll","ReleaseSemaphore"
"0x003BE9FD","0x00430288","KERNEL32.dll","GetCurrentProcess"
"0x003BEA06","0x00430288","KERNEL32.dll","GetCurrentProcess"
"0x003BEA2C","0x004306B0","KERNEL32.dll","DuplicateHandle"
"0x003BEA6A","0x00430198","KERNEL32.dll","GetLastError"
"0x003BEB0B","0x00430188","KERNEL32.dll","QueryDepthSList"
"0x003BEB2C","0x00430588","KERNEL32.dll","InterlockedPushEntrySList"
"0x003BEC27","0x00430188","KERNEL32.dll","QueryDepthSList"
"0x003BEC43","0x00430588","KERNEL32.dll","InterlockedPushEntrySList"
"0x003BEC9E","0x00430590","KERNEL32.dll","InterlockedPopEntrySList"
"0x003BECE2","0x00430590","KERNEL32.dll","InterlockedPopEntrySList"
"0x003BEDCC","0x00430188","KERNEL32.dll","QueryDepthSList"
"0x003BEDE5","0x00430588","KERNEL32.dll","InterlockedPushEntrySList"
"0x003BEDEE","0x00430188","KERNEL32.dll","QueryDepthSList"
"0x003BEE1D","0x00430190","KERNEL32.dll","InterlockedFlushSList"
"0x003BEE43","0x00430588","KERNEL32.dll","InterlockedPushEntrySList"
"0x003BEF20","0x00430188","KERNEL32.dll","QueryDepthSList"
"0x003BEF39","0x00430588","KERNEL32.dll","InterlockedPushEntrySList"
"0x003BEF42","0x00430188","KERNEL32.dll","QueryDepthSList"
"0x003BEF71","0x00430190","KERNEL32.dll","InterlockedFlushSList"
"0x003BEF97","0x00430588","KERNEL32.dll","InterlockedPushEntrySList"
"0x003BF2B1","0x00430188","KERNEL32.dll","QueryDepthSList"
"0x003BF2CB","0x00430588","KERNEL32.dll","InterlockedPushEntrySList"
"0x003BF629","0x00430590","KERNEL32.dll","InterlockedPopEntrySList"
"0x003BF958","0x00430268","KERNEL32.dll","ReleaseSemaphore"
"0x003BFF31","0x00430260","KERNEL32.dll","WaitForSingleObjectEx"
"0x003C0996","0x00430590","KERNEL32.dll","InterlockedPopEntrySList"
"0x003C121E","0x00430188","KERNEL32.dll","QueryDepthSList"
"0x003C1237","0x00430588","KERNEL32.dll","InterlockedPushEntrySList"
"0x003C1240","0x00430188","KERNEL32.dll","QueryDepthSList"
"0x003C1267","0x00430190","KERNEL32.dll","InterlockedFlushSList"
"0x003C128D","0x00430588","KERNEL32.dll","InterlockedPushEntrySList"
"0x003C2FDA","0x004301C8","KERNEL32.dll","GetCurrentThread"
"0x003C308E","0x004301C8","KERNEL32.dll","GetCurrentThread"
"0x003C3A6B","0x004301C8","KERNEL32.dll","GetCurrentThread"
"0x003C43C2","0x004303D0","KERNEL32.dll","SetEvent"
"0x003C4C02","0x004303D0","KERNEL32.dll","SetEvent"
"0x003C5107","0x00430378","KERNEL32.dll","GetModuleHandleW"
"0x003C5117","0x004301E8","KERNEL32.dll","GetProcAddress"
"0x003C5138","0x00430378","KERNEL32.dll","GetModuleHandleW"
"0x003C5148","0x004301E8","KERNEL32.dll","GetProcAddress"
"0x003C5169","0x00430378","KERNEL32.dll","GetModuleHandleW"
"0x003C5179","0x004301E8","KERNEL32.dll","GetProcAddress"
"0x003C519A","0x00430378","KERNEL32.dll","GetModuleHandleW"
"0x003C51AA","0x004301E8","KERNEL32.dll","GetProcAddress"
"0x003C51CB","0x00430378","KERNEL32.dll","GetModuleHandleW"
"0x003C51DB","0x004301E8","KERNEL32.dll","GetProcAddress"
"0x003C51FC","0x00430378","KERNEL32.dll","GetModuleHandleW"
"0x003C520C","0x004301E8","KERNEL32.dll","GetProcAddress"
"0x003C522D","0x00430378","KERNEL32.dll","GetModuleHandleW"
"0x003C523D","0x004301E8","KERNEL32.dll","GetProcAddress"
"0x003C525E","0x00430378","KERNEL32.dll","GetModuleHandleW"
"0x003C526E","0x004301E8","KERNEL32.dll","GetProcAddress"
"0x003C528F","0x00430378","KERNEL32.dll","GetModuleHandleW"
"0x003C529F","0x004301E8","KERNEL32.dll","GetProcAddress"
"0x003C52C0","0x00430378","KERNEL32.dll","GetModuleHandleW"
"0x003C52D0","0x004301E8","KERNEL32.dll","GetProcAddress"
"0x003C52F1","0x00430378","KERNEL32.dll","GetModuleHandleW"
"0x003C5301","0x004301E8","KERNEL32.dll","GetProcAddress"
"0x003C5322","0x00430378","KERNEL32.dll","GetModuleHandleW"
"0x003C5332","0x004301E8","KERNEL32.dll","GetProcAddress"
"0x003C5353","0x00430378","KERNEL32.dll","GetModuleHandleW"
"0x003C5363","0x004301E8","KERNEL32.dll","GetProcAddress"
"0x003C5384","0x00430378","KERNEL32.dll","GetModuleHandleW"
"0x003C5394","0x004301E8","KERNEL32.dll","GetProcAddress"
"0x003C53B5","0x00430378","KERNEL32.dll","GetModuleHandleW"
"0x003C53C5","0x004301E8","KERNEL32.dll","GetProcAddress"
"0x003C53E6","0x00430378","KERNEL32.dll","GetModuleHandleW"
"0x003C53F6","0x004301E8","KERNEL32.dll","GetProcAddress"
"0x003C5417","0x00430378","KERNEL32.dll","GetModuleHandleW"
"0x003C5427","0x004301E8","KERNEL32.dll","GetProcAddress"
"0x003C5461","0x00430198","KERNEL32.dll","GetLastError"
"0x003C5491","0x00430198","KERNEL32.dll","GetLastError"
"0x003C54C1","0x00430198","KERNEL32.dll","GetLastError"
"0x003C54F1","0x00430198","KERNEL32.dll","GetLastError"
"0x003C551F","0x00430198","KERNEL32.dll","GetLastError"
"0x003C554D","0x00430198","KERNEL32.dll","GetLastError"
"0x003C557B","0x00430198","KERNEL32.dll","GetLastError"
"0x003C55A9","0x00430198","KERNEL32.dll","GetLastError"
"0x003C55D7","0x00430198","KERNEL32.dll","GetLastError"
"0x003C5605","0x00430198","KERNEL32.dll","GetLastError"
"0x003C5633","0x00430198","KERNEL32.dll","GetLastError"
"0x003C5661","0x00430198","KERNEL32.dll","GetLastError"
"0x003C5695","0x00430198","KERNEL32.dll","GetLastError"
"0x003C56C9","0x00430198","KERNEL32.dll","GetLastError"
"0x003C56FD","0x00430198","KERNEL32.dll","GetLastError"
"0x003C5731","0x00430198","KERNEL32.dll","GetLastError"
"0x003C5765","0x00430198","KERNEL32.dll","GetLastError"
"0x003C57B2","0x00430548","KERNEL32.dll","LoadLibraryExW"
"0x003C57CB","0x00430378","KERNEL32.dll","GetModuleHandleW"
"0x003C57DB","0x004301E8","KERNEL32.dll","GetProcAddress"
"0x003C5800","0x00430378","KERNEL32.dll","GetModuleHandleW"
"0x003C5810","0x004301E8","KERNEL32.dll","GetProcAddress"
"0x003C5841","0x00430198","KERNEL32.dll","GetLastError"
"0x003C5871","0x00430198","KERNEL32.dll","GetLastError"
"0x003C58A1","0x00430198","KERNEL32.dll","GetLastError"
"0x003C5B8C","0x00430708","KERNEL32.dll","InitializeSListHead"
"0x003C5C95","0x00430188","KERNEL32.dll","QueryDepthSList"
"0x003C5CAD","0x00430588","KERNEL32.dll","InterlockedPushEntrySList"
"0x003C5D3D","0x00430188","KERNEL32.dll","QueryDepthSList"
"0x003C5D55","0x00430588","KERNEL32.dll","InterlockedPushEntrySList"
"0x003C5D65","0x00430190","KERNEL32.dll","InterlockedFlushSList"
"0x003C5E77","0x00430590","KERNEL32.dll","InterlockedPopEntrySList"
"0x003C5F24","0x00430190","KERNEL32.dll","InterlockedFlushSList"
"0x003C5FE4","0x00430548","KERNEL32.dll","LoadLibraryExW"
"0x003C5FF2","0x00430198","KERNEL32.dll","GetLastError"
"0x003C6008","0x00430580","KERNEL32.dll","LoadLibraryW"
"0x003C6024","0x004301E8","KERNEL32.dll","GetProcAddress"
"0x003C603F","0x004301E8","KERNEL32.dll","GetProcAddress"
"0x003C605B","0x004301E8","KERNEL32.dll","GetProcAddress"
"0x003C6077","0x004301E8","KERNEL32.dll","GetProcAddress"
"0x003C6093","0x004301E8","KERNEL32.dll","GetProcAddress"
"0x003C60AF","0x004301E8","KERNEL32.dll","GetProcAddress"
"0x003C6132","0x00430200","KERNEL32.dll","SetLastError"
"0x003C6152","0x00430198","KERNEL32.dll","GetLastError"
"0x003C6176","0x00430198","KERNEL32.dll","GetLastError"
"0x003C61AB","0x004306C8","KERNEL32.dll","EncodePointer"
"0x003C61D5","0x00430200","KERNEL32.dll","SetLastError"
"0x003C61FB","0x004306C8","KERNEL32.dll","EncodePointer"
"0x003C6225","0x00430200","KERNEL32.dll","SetLastError"
"0x003C624B","0x004306C8","KERNEL32.dll","EncodePointer"
"0x003C6275","0x00430200","KERNEL32.dll","SetLastError"
"0x003C62AE","0x004306C8","KERNEL32.dll","EncodePointer"
"0x003C6333","0x004306C8","KERNEL32.dll","EncodePointer"
"0x003C6383","0x004306C8","KERNEL32.dll","EncodePointer"
"0x003C6FC6","0x00430188","KERNEL32.dll","QueryDepthSList"
"0x003C6FE2","0x00430588","KERNEL32.dll","InterlockedPushEntrySList"
"0x003C6FEB","0x00430188","KERNEL32.dll","QueryDepthSList"
"0x003C7012","0x00430190","KERNEL32.dll","InterlockedFlushSList"
"0x003C7038","0x00430588","KERNEL32.dll","InterlockedPushEntrySList"
"0x003C7673","0x00430190","KERNEL32.dll","InterlockedFlushSList"
"0x003C76B1","0x00430190","KERNEL32.dll","InterlockedFlushSList"
"0x003C7995","0x00430590","KERNEL32.dll","InterlockedPopEntrySList"
"0x003C892F","0x004304E0","KERNEL32.dll","GetCurrentThreadId"
"0x003C9FFB","0x00430190","KERNEL32.dll","InterlockedFlushSList"
"0x003CA039","0x00430190","KERNEL32.dll","InterlockedFlushSList"
"0x003CA29A","0x00430188","KERNEL32.dll","QueryDepthSList"
"0x003CA2B6","0x00430588","KERNEL32.dll","InterlockedPushEntrySList"
"0x003CA2BF","0x00430188","KERNEL32.dll","QueryDepthSList"
"0x003CA2E6","0x00430190","KERNEL32.dll","InterlockedFlushSList"
"0x003CA30C","0x00430588","KERNEL32.dll","InterlockedPushEntrySList"
"0x003CA65C","0x00430190","KERNEL32.dll","InterlockedFlushSList"
"0x003CA688","0x00430190","KERNEL32.dll","InterlockedFlushSList"
"0x003CA74F","0x00430190","KERNEL32.dll","InterlockedFlushSList"
"0x003CA7AD","0x00430190","KERNEL32.dll","InterlockedFlushSList"
"0x003CB0F0","0x00430590","KERNEL32.dll","InterlockedPopEntrySList"
"0x003CBBAE","0x00430188","KERNEL32.dll","QueryDepthSList"
"0x003CBBC7","0x00430588","KERNEL32.dll","InterlockedPushEntrySList"
"0x003CBBD0","0x00430188","KERNEL32.dll","QueryDepthSList"
"0x003CBBF7","0x00430190","KERNEL32.dll","InterlockedFlushSList"
"0x003CBC1D","0x00430588","KERNEL32.dll","InterlockedPushEntrySList"
"0x003CCA01","0x00430260","KERNEL32.dll","WaitForSingleObjectEx"
"0x003CCA36","0x004301F8","KERNEL32.dll","CloseHandle"
"0x003CCA50","0x004301F8","KERNEL32.dll","CloseHandle"
"0x003CCBA0","0x004304E0","KERNEL32.dll","GetCurrentThreadId"
"0x003CCBBB","0x00430288","KERNEL32.dll","GetCurrentProcess"
"0x003CCBC4","0x004301C8","KERNEL32.dll","GetCurrentThread"
"0x003CCBCD","0x00430288","KERNEL32.dll","GetCurrentProcess"
"0x003CCBF1","0x004306B0","KERNEL32.dll","DuplicateHandle"
"0x003CCC4F","0x00430198","KERNEL32.dll","GetLastError"
"0x003CCC7F","0x00430198","KERNEL32.dll","GetLastError"
"0x003CCCCA","0x004301F8","KERNEL32.dll","CloseHandle"
"0x003CCD8B","0x004303D0","KERNEL32.dll","SetEvent"
"0x003CD0C4","0x004301D0","KERNEL32.dll","TlsAlloc"
"0x003CD0DA","0x00430198","KERNEL32.dll","GetLastError"
"0x003CD116","0x004301D8","KERNEL32.dll","TlsFree"
"0x003CE833","0x004301F8","KERNEL32.dll","CloseHandle"
"0x003CE851","0x00430198","KERNEL32.dll","GetLastError"
"0x003CE901","0x004301F8","KERNEL32.dll","CloseHandle"
"0x003CE9EF","0x00430260","KERNEL32.dll","WaitForSingleObjectEx"
"0x003CEA17","0x00430260","KERNEL32.dll","WaitForSingleObjectEx"
"0x003D120B","0x004306C8","KERNEL32.dll","EncodePointer"
"0x003D190F","0x004306A8","KERNEL32.dll","RaiseException"
"0x003D2594","0x00430588","KERNEL32.dll","InterlockedPushEntrySList"
"0x003D264D","0x004306C0","KERNEL32.dll","RtlPcToFileHeader"
"0x003D268C","0x004306A8","KERNEL32.dll","RaiseException"
"0x003D27B7","0x00430178","KERNEL32.dll","RtlUnwindEx"
"0x003D297A","0x00430718","KERNEL32.dll","RtlLookupFunctionEntry"
"0x003D2EB3","0x00430178","KERNEL32.dll","RtlUnwindEx"
"0x003D37BB","0x004306C0","KERNEL32.dll","RtlPcToFileHeader"
"0x003D3FE8","0x00430548","KERNEL32.dll","LoadLibraryExW"
"0x003D3FFB","0x00430198","KERNEL32.dll","GetLastError"
"0x003D400E","0x00430548","KERNEL32.dll","LoadLibraryExW"
"0x003D404B","0x004302A8","KERNEL32.dll","FreeLibrary"
"0x003D407F","0x004301E8","KERNEL32.dll","GetProcAddress"
"0x003D4147","0x004301D0","KERNEL32.dll","TlsAlloc"
"0x003D419B","0x004301D8","KERNEL32.dll","TlsFree"
"0x003D41EF","0x00430238","KERNEL32.dll","TlsGetValue"
"0x003D4251","0x00430240","KERNEL32.dll","TlsSetValue"
"0x003D42C4","0x004301B8","KERNEL32.dll","InitializeCriticalSectionAndSpinCount"
"0x003D434A","0x004302A8","KERNEL32.dll","FreeLibrary"
"0x003D443F","0x00430198","KERNEL32.dll","GetLastError"
"0x003D44BF","0x00430200","KERNEL32.dll","SetLastError"
"0x003DADBF","0x004301C0","KERNEL32.dll","DeleteCriticalSection"
"0x003DAE6D","0x00430710","KERNEL32.dll","RtlCaptureContext"
"0x003DAE85","0x00430718","KERNEL32.dll","RtlLookupFunctionEntry"
"0x003DAEC0","0x00430720","KERNEL32.dll","RtlVirtualUnwind"
"0x003DAEF9","0x00430740","KERNEL32.dll","IsDebuggerPresent"
"0x003DAF03","0x00430730","KERNEL32.dll","SetUnhandledExceptionFilter"
"0x003DAF0E","0x00430728","KERNEL32.dll","UnhandledExceptionFilter"
"0x003DB07D","0x00430288","KERNEL32.dll","GetCurrentProcess"
"0x003DEFD1","0x00430310","KERNEL32.dll","SetConsoleCtrlHandler"
"0x003DEFEC","0x00430198","KERNEL32.dll","GetLastError"
"0x003E07A9","0x004301C0","KERNEL32.dll","DeleteCriticalSection"
"0x003E16B4","0x00430170","KERNEL32.dll","GetCommandLineA"
"0x003E16C1","0x00430168","KERNEL32.dll","GetCommandLineW"
"0x003E67DA","0x004302A0","KERNEL32.dll","MultiByteToWideChar"
"0x003E67E7","0x00430198","KERNEL32.dll","GetLastError"
"0x003E6820","0x004302A0","KERNEL32.dll","MultiByteToWideChar"
"0x003E682A","0x00430198","KERNEL32.dll","GetLastError"
"0x003E68D3","0x00430258","KERNEL32.dll","WideCharToMultiByte"
"0x003E68DD","0x00430198","KERNEL32.dll","GetLastError"
"0x003E8C7B","0x004302A0","KERNEL32.dll","MultiByteToWideChar"
"0x003E8CB1","0x004302A0","KERNEL32.dll","MultiByteToWideChar"
"0x003E8CEA","0x004302A0","KERNEL32.dll","MultiByteToWideChar"
"0x003E8D2C","0x004302A0","KERNEL32.dll","MultiByteToWideChar"
"0x003E8E5E","0x00430198","KERNEL32.dll","GetLastError"
"0x003E8E66","0x00430358","KERNEL32.dll","ExitThread"
"0x003E8EDC","0x00430358","KERNEL32.dll","ExitThread"
"0x003E8EF1","0x00430358","KERNEL32.dll","ExitThread"
"0x003E8F11","0x004301F8","KERNEL32.dll","CloseHandle"
"0x003E8F27","0x00430520","KERNEL32.dll","FreeLibraryAndExitThread"
"0x003E8F30","0x00430358","KERNEL32.dll","ExitThread"
"0x003E8F7C","0x00430160","KERNEL32.dll","GetModuleHandleExW"
"0x003E8FFD","0x00430668","KERNEL32.dll","CreateThread"
"0x003E900B","0x00430198","KERNEL32.dll","GetLastError"
"0x003E9028","0x004301F8","KERNEL32.dll","CloseHandle"
"0x003E9037","0x004302A8","KERNEL32.dll","FreeLibrary"
"0x003EA0EC","0x00430378","KERNEL32.dll","GetModuleHandleW"
"0x003EA258","0x00430288","KERNEL32.dll","GetCurrentProcess"
"0x003EA263","0x00430738","KERNEL32.dll","TerminateProcess"
"0x003EA272","0x00430158","KERNEL32.dll","ExitProcess"
"0x003EA29C","0x00430160","KERNEL32.dll","GetModuleHandleExW"
"0x003EA2B2","0x004301E8","KERNEL32.dll","GetProcAddress"
"0x003EA2D7","0x004302A8","KERNEL32.dll","FreeLibrary"
"0x003EB0F5","0x004301C0","KERNEL32.dll","DeleteCriticalSection"
"0x003EB273","0x00430150","KERNEL32.dll","SetStdHandle"
"0x003EB389","0x004301A8","KERNEL32.dll","EnterCriticalSection"
"0x003EB398","0x004301B0","KERNEL32.dll","LeaveCriticalSection"
"0x003EB486","0x00430150","KERNEL32.dll","SetStdHandle"
"0x003EC376","0x00430148","KERNEL32.dll","ReadFile"
"0x003EEE65","0x00430340","KERNEL32.dll","CreateFileW"
"0x003EEEBA","0x004301F8","KERNEL32.dll","CloseHandle"
"0x003EEF92","0x00430560","KERNEL32.dll","GetFileType"
"0x003EF0C5","0x00430198","KERNEL32.dll","GetLastError"
"0x003EF10F","0x00430138","KERNEL32.dll","PeekNamedPipe"
"0x003EF17C","0x004305D0","KERNEL32.dll","FileTimeToSystemTime"
"0x003EF190","0x00430130","KERNEL32.dll","SystemTimeToTzSpecificLocalTime"
"0x003EF1DD","0x00430198","KERNEL32.dll","GetLastError"
"0x003EF500","0x00430140","KERNEL32.dll","GetDriveTypeW"
"0x003EF690","0x00430330","KERNEL32.dll","GetConsoleMode"
"0x003EF69B","0x00430338","KERNEL32.dll","SetConsoleMode"
"0x003EF6B7","0x00430118","KERNEL32.dll","ReadConsoleInputA"
"0x003EF70A","0x00430338","KERNEL32.dll","SetConsoleMode"
"0x003EF885","0x00430128","KERNEL32.dll","GetNumberOfConsoleInputEvents"
"0x003EF93D","0x00430120","KERNEL32.dll","PeekConsoleInputA"
"0x003EFE7B","0x004301C0","KERNEL32.dll","DeleteCriticalSection"
"0x003EFF25","0x00430508","KERNEL32.dll","HeapAlloc"
"0x003F020A","0x004306E8","KERNEL32.dll","GetCPInfo"
"0x003F095E","0x00430510","KERNEL32.dll","HeapFree"
"0x003F0970","0x00430198","KERNEL32.dll","GetLastError"
"0x003F0A9E","0x00430508","KERNEL32.dll","HeapAlloc"
"0x003F0B1D","0x00430518","KERNEL32.dll","HeapReAlloc"
"0x003F382F","0x004304F8","KERNEL32.dll","GetModuleFileNameA"
"0x003F3D4D","0x00430258","KERNEL32.dll","WideCharToMultiByte"
"0x003F3D8F","0x00430258","KERNEL32.dll","WideCharToMultiByte"
"0x003F3E0E","0x004302A0","KERNEL32.dll","MultiByteToWideChar"
"0x003F3E44","0x004302A0","KERNEL32.dll","MultiByteToWideChar"
"0x003F4F1F","0x00430110","KERNEL32.dll","GetACP"
"0x003F5CA2","0x00430148","KERNEL32.dll","ReadFile"
"0x003F5EC3","0x00430148","KERNEL32.dll","ReadFile"
"0x003F6094","0x004302A0","KERNEL32.dll","MultiByteToWideChar"
"0x003F60A0","0x00430198","KERNEL32.dll","GetLastError"
"0x003F6472","0x00430330","KERNEL32.dll","GetConsoleMode"
"0x003F64A1","0x004303B8","KERNEL32.dll","ReadConsoleW"
"0x003F64AB","0x00430198","KERNEL32.dll","GetLastError"
"0x003F64F3","0x00430148","KERNEL32.dll","ReadFile"
"0x003F65FD","0x00430198","KERNEL32.dll","GetLastError"
"0x003F66C9","0x004305B0","KERNEL32.dll","GetConsoleCP"
"0x003F67A5","0x00430258","KERNEL32.dll","WideCharToMultiByte"
"0x003F67CB","0x00430320","KERNEL32.dll","WriteFile"
"0x003F680A","0x00430320","KERNEL32.dll","WriteFile"
"0x003F6842","0x00430198","KERNEL32.dll","GetLastError"
"0x003F692A","0x00430320","KERNEL32.dll","WriteFile"
"0x003F6946","0x00430198","KERNEL32.dll","GetLastError"
"0x003F6A49","0x00430320","KERNEL32.dll","WriteFile"
"0x003F6A65","0x00430198","KERNEL32.dll","GetLastError"
"0x003F6B7E","0x00430258","KERNEL32.dll","WideCharToMultiByte"
"0x003F6BB1","0x00430320","KERNEL32.dll","WriteFile"
"0x003F6BD3","0x00430198","KERNEL32.dll","GetLastError"
"0x003F6E00","0x00430330","KERNEL32.dll","GetConsoleMode"
"0x003F6E7B","0x00430198","KERNEL32.dll","GetLastError"
"0x003F6F28","0x00430320","KERNEL32.dll","WriteFile"
"0x003F6F32","0x00430198","KERNEL32.dll","GetLastError"
"0x003F7972","0x00430198","KERNEL32.dll","GetLastError"
"0x003F79DA","0x00430200","KERNEL32.dll","SetLastError"
"0x003F79F0","0x00430200","KERNEL32.dll","SetLastError"
"0x003F7A0B","0x00430198","KERNEL32.dll","GetLastError"
"0x003F7A75","0x00430200","KERNEL32.dll","SetLastError"
"0x003F7A7F","0x00430200","KERNEL32.dll","SetLastError"
"0x003F7BD5","0x00430700","KERNEL32.dll","GetStringTypeW"
"0x003F93E0","0x00430370","KERNEL32.dll","EnumSystemLocalesW"
"0x003F94C0","0x00430548","KERNEL32.dll","LoadLibraryExW"
"0x003F94CE","0x00430198","KERNEL32.dll","GetLastError"
"0x003F94E1","0x00430548","KERNEL32.dll","LoadLibraryExW"
"0x003F951A","0x004302A8","KERNEL32.dll","FreeLibrary"
"0x003F9546","0x004301E8","KERNEL32.dll","GetProcAddress"
"0x003F96DE","0x004306F0","KERNEL32.dll","CompareStringW"
"0x003F97EC","0x004301D0","KERNEL32.dll","TlsAlloc"
"0x003F9844","0x004301D8","KERNEL32.dll","TlsFree"
"0x003F989C","0x00430238","KERNEL32.dll","TlsGetValue"
"0x003F9902","0x00430240","KERNEL32.dll","TlsSetValue"
"0x003F99C0","0x004305B8","KERNEL32.dll","GetDateFormatW"
"0x003F9A4C","0x00430200","KERNEL32.dll","SetLastError"
"0x003F9AE7","0x004306F8","KERNEL32.dll","GetLocaleInfoW"
"0x003F9B4F","0x00430270","KERNEL32.dll","GetSystemTimeAsFileTime"
"0x003F9BFB","0x004305C0","KERNEL32.dll","GetTimeFormatW"
"0x003F9C69","0x004305D8","KERNEL32.dll","GetUserDefaultLCID"
"0x003F9CED","0x004301B8","KERNEL32.dll","InitializeCriticalSectionAndSpinCount"
"0x003F9D5D","0x004305C8","KERNEL32.dll","IsValidLocale"
"0x003F9ECA","0x00430488","KERNEL32.dll","LCMapStringW"
"0x003FA153","0x004302A8","KERNEL32.dll","FreeLibrary"
"0x003FA1EB","0x004301C0","KERNEL32.dll","DeleteCriticalSection"
"0x003FA28C","0x00430680","KERNEL32.dll","GetStartupInfoW"
"0x003FA2F7","0x00430560","KERNEL32.dll","GetFileType"
"0x003FA3CA","0x00430318","KERNEL32.dll","GetStdHandle"
"0x003FA3E0","0x00430560","KERNEL32.dll","GetFileType"
"0x003FA64B","0x004301F8","KERNEL32.dll","CloseHandle"
"0x003FA655","0x00430198","KERNEL32.dll","GetLastError"
"0x003FA87E","0x004305F0","KERNEL32.dll","FlushFileBuffers"
"0x003FA892","0x00430198","KERNEL32.dll","GetLastError"
"0x003FAE20","0x00430470","KERNEL32.dll","SetFilePointerEx"
"0x003FAE2A","0x00430198","KERNEL32.dll","GetLastError"
"0x003FB0BF","0x004302A0","KERNEL32.dll","MultiByteToWideChar"
"0x003FB184","0x004302A0","KERNEL32.dll","MultiByteToWideChar"
"0x003FB314","0x00430258","KERNEL32.dll","WideCharToMultiByte"
"0x003FB4FA","0x004302A0","KERNEL32.dll","MultiByteToWideChar"
"0x003FB542","0x004302A0","KERNEL32.dll","MultiByteToWideChar"
"0x003FB6A1","0x00430258","KERNEL32.dll","WideCharToMultiByte"
"0x003FB6C4","0x00430198","KERNEL32.dll","GetLastError"
"0x003FCA76","0x004306A8","KERNEL32.dll","RaiseException"
"0x003FD7AC","0x004305F8","KERNEL32.dll","GetTimeZoneInformation"
"0x003FD842","0x00430258","KERNEL32.dll","WideCharToMultiByte"
"0x003FD88E","0x00430258","KERNEL32.dll","WideCharToMultiByte"
"0x003FE7BC","0x004304A8","KERNEL32.dll","SetEnvironmentVariableA"
"0x003FEAAC","0x00430600","KERNEL32.dll","SetEnvironmentVariableW"
"0x003FEDA0","0x004302A0","KERNEL32.dll","MultiByteToWideChar"
"0x003FEDB1","0x00430198","KERNEL32.dll","GetLastError"
"0x003FEE0E","0x004302A0","KERNEL32.dll","MultiByteToWideChar"
"0x003FEE61","0x004302A0","KERNEL32.dll","MultiByteToWideChar"
"0x003FF247","0x00430418","KERNEL32.dll","GetCurrentDirectoryW"
"0x003FF296","0x00430418","KERNEL32.dll","GetCurrentDirectoryW"
"0x003FF34E","0x00430458","KERNEL32.dll","GetFullPathNameW"
"0x003FF35F","0x00430198","KERNEL32.dll","GetLastError"
"0x003FF3C4","0x00430458","KERNEL32.dll","GetFullPathNameW"
"0x003FF3CE","0x00430198","KERNEL32.dll","GetLastError"
"0x003FF4FF","0x004302A0","KERNEL32.dll","MultiByteToWideChar"
"0x003FF50C","0x00430198","KERNEL32.dll","GetLastError"
"0x003FF544","0x004302A0","KERNEL32.dll","MultiByteToWideChar"
"0x003FF54E","0x00430198","KERNEL32.dll","GetLastError"
"0x003FF82D","0x00430340","KERNEL32.dll","CreateFileW"
"0x003FF855","0x004301F8","KERNEL32.dll","CloseHandle"
"0x003FF864","0x00430608","KERNEL32.dll","GetProcessHeap"
"0x003FF9CA","0x00430258","KERNEL32.dll","WideCharToMultiByte"
"0x003FFACD","0x00430198","KERNEL32.dll","GetLastError"
"0x003FFC63","0x004302A0","KERNEL32.dll","MultiByteToWideChar"
"0x003FFD2C","0x004302A0","KERNEL32.dll","MultiByteToWideChar"
"0x003FFD46","0x00430700","KERNEL32.dll","GetStringTypeW"
"0x003FFED1","0x00430258","KERNEL32.dll","WideCharToMultiByte"
"0x003FFF1D","0x00430258","KERNEL32.dll","WideCharToMultiByte"
"0x003FFF47","0x00430198","KERNEL32.dll","GetLastError"
"0x003FFF9A","0x00430258","KERNEL32.dll","WideCharToMultiByte"
"0x00400075","0x00430258","KERNEL32.dll","WideCharToMultiByte"
"0x004005C4","0x00430610","KERNEL32.dll","FindFirstFileExA"
"0x004005EE","0x00430428","KERNEL32.dll","FindClose"
"0x00400661","0x00430618","KERNEL32.dll","FindNextFileA"
"0x004009EA","0x00430628","KERNEL32.dll","GetOEMCP"
"0x00400A01","0x00430110","KERNEL32.dll","GetACP"
"0x00400B06","0x004306E8","KERNEL32.dll","GetCPInfo"
"0x00400FCE","0x00430620","KERNEL32.dll","IsValidCodePage"
"0x00400FE3","0x004306E8","KERNEL32.dll","GetCPInfo"
"0x00401215","0x00430688","KERNEL32.dll","GetEnvironmentStringsW"
"0x00401277","0x00430258","KERNEL32.dll","WideCharToMultiByte"
"0x004012B1","0x00430258","KERNEL32.dll","WideCharToMultiByte"
"0x004012DB","0x00430690","KERNEL32.dll","FreeEnvironmentStringsW"
"0x00401314","0x00430688","KERNEL32.dll","GetEnvironmentStringsW"
"0x00401379","0x00430690","KERNEL32.dll","FreeEnvironmentStringsW"
"0x0040300A","0x00430110","KERNEL32.dll","GetACP"
"0x00403226","0x00430620","KERNEL32.dll","IsValidCodePage"
"0x004033B1","0x004306F8","KERNEL32.dll","GetLocaleInfoW"
"0x004034CE","0x00430370","KERNEL32.dll","EnumSystemLocalesW"
"0x00403580","0x00430370","KERNEL32.dll","EnumSystemLocalesW"
"0x00403605","0x004306F8","KERNEL32.dll","GetLocaleInfoW"
"0x00403657","0x004306F8","KERNEL32.dll","GetLocaleInfoW"
"0x0040371C","0x004306F8","KERNEL32.dll","GetLocaleInfoW"
"0x00403845","0x004306F8","KERNEL32.dll","GetLocaleInfoW"
"0x0040397D","0x004306F8","KERNEL32.dll","GetLocaleInfoW"
"0x004039AA","0x004306F8","KERNEL32.dll","GetLocaleInfoW"
"0x004039C0","0x00430110","KERNEL32.dll","GetACP"
"0x00403A0F","0x004306F8","KERNEL32.dll","GetLocaleInfoW"
"0x00403C67","0x00430370","KERNEL32.dll","EnumSystemLocalesW"
"0x00403C80","0x004305D8","KERNEL32.dll","GetUserDefaultLCID"
"0x00403CCB","0x00430620","KERNEL32.dll","IsValidCodePage"
"0x00403CE1","0x004305C8","KERNEL32.dll","IsValidLocale"
"0x00403D3D","0x004306F8","KERNEL32.dll","GetLocaleInfoW"
"0x00403D59","0x004306F8","KERNEL32.dll","GetLocaleInfoW"
"0x00403E45","0x00430698","KERNEL32.dll","WriteConsoleW"
"0x00404EE9","0x00430340","KERNEL32.dll","CreateFileW"
"0x00404F45","0x00430340","KERNEL32.dll","CreateFileW"
"0x00404F79","0x00430198","KERNEL32.dll","GetLastError"
"0x00404F8E","0x00430560","KERNEL32.dll","GetFileType"
"0x00404F98","0x00430198","KERNEL32.dll","GetLastError"
"0x00404FCB","0x004301F8","KERNEL32.dll","CloseHandle"
"0x00405124","0x004301F8","KERNEL32.dll","CloseHandle"
"0x0040515C","0x00430340","KERNEL32.dll","CreateFileW"
"0x0040516B","0x00430198","KERNEL32.dll","GetLastError"
"0x004053A2","0x004306E8","KERNEL32.dll","GetCPInfo"
"0x00405427","0x004302A0","KERNEL32.dll","MultiByteToWideChar"
"0x004054EC","0x004302A0","KERNEL32.dll","MultiByteToWideChar"
"0x00405513","0x004302A0","KERNEL32.dll","MultiByteToWideChar"
"0x004055D1","0x004302A0","KERNEL32.dll","MultiByteToWideChar"
"0x00405833","0x00430458","KERNEL32.dll","GetFullPathNameW"
"0x0040583F","0x00430198","KERNEL32.dll","GetLastError"
"0x004058F9","0x00430458","KERNEL32.dll","GetFullPathNameW"
"0x00405914","0x00430198","KERNEL32.dll","GetLastError"
"0x00405993","0x00430140","KERNEL32.dll","GetDriveTypeW"
"0x00405C79","0x00430340","KERNEL32.dll","CreateFileW"
"0x00405CA1","0x004301F8","KERNEL32.dll","CloseHandle"
"0x00405DF7","0x00430468","KERNEL32.dll","SetEndOfFile"
"0x00405E18","0x00430198","KERNEL32.dll","GetLastError"
"0x0040911A","0x004301C0","KERNEL32.dll","DeleteCriticalSection"
"0x004256EB","0x00430880","WS2_32.dll","ORDINAL_112"
"0x0042D05B","0x00430338","KERNEL32.dll","SetConsoleMode"
"0x0042E1EB","0x004301F8","KERNEL32.dll","CloseHandle"
"0x0042E1F8","0x004301F8","KERNEL32.dll","CloseHandle"
"0x0042F52E","0x004306D0","KERNEL32.dll","DecodePointer"
